project_id,deployment_id,placename,longitude,latitude,start_date,end_date,bait_type,bait_description,feature_type,feature_type_methodology,camera_id,camera_name,quiet_period,camera_functioning,sensor_height,height_other,sensor_orientation,orientation_other,plot_treatment,plot_treatment_description,detection_distance,subproject_name,subproject_design,event_name,event_description,event_type,recorded_by,remarks
2004258,20_AEP_Session_8,20_AEP,-81.76236295,39.7405367,2021-09-28 00:00:00,2021-11-16 00:00:00,Scent,,Trail game,,2050643,20_AEP,30,Camera Functioning,Knee height,,Parallel,,,,,,,,,,,
2004258,37_ZAL_Session_10,37_ZAL,-82.33808314,39.26516351,2021-11-22 00:00:00,2021-12-28 00:00:00,Scent,,Trail game,,2073077,37_ZAL,60,Unknown Failure,Knee height,,Parallel,,,,,,,,,,,
2004258,37_ZAL_Session_4,37_ZAL,-82.33808314,39.26516351,2021-04-17 00:00:00,2021-05-15 00:00:00,Scent,,Trail game,,2073077,37_ZAL,60,Camera Functioning,Knee height,,Parallel,,,,,,,,,,,
2004258,10_AEP_Session_7,10_AEP,-81.67961407,39.72021827,2021-09-01 00:00:00,2021-09-28 00:00:00,Scent,,Trail game,,2046025,10_AEP,30,Camera Functioning,Knee height,,Parallel,,,,,,,,,,,
2004258,38_ZAL_Session_7,38_ZAL,-82.33250372,39.28326325,2021-07-19 00:00:00,2021-08-21 00:00:00,Scent,,Trail game,,2073161,38_ZAL,30,Camera Functioning,Knee height,,Parallel,,,,,,,,,,,
2004258,8_AEP_Session_1,8_AEP,-81.67548735,39.68339175,2021-01-14 00:00:00,2021-02-05 00:00:00,Scent,,Trail game,,2045849,8_AEP,30,Camera Functioning,Knee height,,Parallel,,,,,,,,,,,
2004258,14_AEP_Session_1,14_AEP,-81.71659201,39.71363977,2021-01-14 00:00:00,2021-02-06 00:00:00,Scent,,Trail game,,2047733,14_AEP,60,Camera Functioning,Knee height,,Parallel,,,,,,,,,,,
2004258,18_AEP_Session_5,18_AEP,-81.74628786,39.75064269,2021-05-13 00:00:00,2021-06-23 00:00:00,Scent,,Trail game,,2048173,18_AEP,60,Camera Functioning,Knee height,,Parallel,,,,,,,,,,,
2004258,35_ZAL_Session_4,35_ZAL,-82.35539922,39.30075875,2021-04-17 00:00:00,2021-05-15 00:00:00,Scent,,Trail game,,2067354,35_ZAL,60,Camera Functioning,Knee height,,Parallel,,,,,,,,,,,
2004258,45_VIN_Session_9,45_VIN,-82.38577266,39.18586985,2021-10-10 00:00:00,2021-11-14 00:00:00,Scent,,Trail game,,2073229,45_VIN,30,Camera Functioning,Knee height,,Parallel,,,,,,,,,,,
2004258,50_VIN_Session_5,50_VIN,-82.34839597,39.22640213,2021-05-15 00:00:00,2021-06-16 00:00:00,Scent,,Trail game,,2096959,50_VIN,60,Camera Functioning,Knee height,,Parallel,,,,,,,,,,,
2004258,7_AEP_Session_5,7_AEP,-81.70247285,39.64641353,2021-05-12 00:00:00,2021-06-22 00:00:00,Scent,,Trail game,,2097010,7_AEP,60,Camera Functioning,Knee height,,Parallel,,,,,,,,,,,
2004258,46_VIN_Session_2,46_VIN,-82.40459382,39.1932657,2021-02-08 00:00:00,2021-03-07 00:00:00,Scent,,Trail game,,2073230,46_VIN,60,Camera Functioning,Knee height,,Parallel,,,,,,,,,,,
2004258,30_ZAL_Session_9,30_ZAL,-82.38787801,39.32039016,2021-10-17 00:00:00,2021-11-20 00:00:00,Scent,,Trail game,,2066925,30_ZAL,60,Camera Functioning,Knee height,,Parallel,,,,,,,,,,,
2004258,24_ZAL_Session_11,24_ZAL,-82.3336911,39.33727673,2021-12-29 00:00:00,2022-01-08 00:00:00,Scent,,Trail game,,2097058,24_ZAL,30,Camera Functioning,Knee height,,Parallel,,,,,,,,,,,
2004258,41_ZAL_Session_9,41_ZAL,-82.31096424,39.27134681,2021-10-10 00:00:00,2021-11-21 00:00:00,Scent,,Trail game,,2073225,41_ZAL,30,Camera Functioning,Knee height,,Parallel,,,,,,,,,,,
2004258,8_AEP_Session_6,8_AEP,-81.67548735,39.68339175,2021-06-23 00:00:00,2021-08-09 00:00:00,Scent,,Trail game,,2045849,8_AEP,30,Camera Functioning,Knee height,,Parallel,,,,,,,,,,,
2004258,33_ZAL_Session_5,33_ZAL,-82.37978045,39.28847114,2021-05-15 00:00:00,2021-06-14 00:00:00,Scent,,Trail game,,2066964,33_ZAL,30,Camera Functioning,Knee height,,Parallel,,,,,,,,,,,
2004258,25_ZAL_Session_10,25_ZAL,-82.33699223,39.36780429,2021-11-20 00:00:00,2021-12-29 00:00:00,Scent,,Trail game,,2051111,25_ZAL,30,Camera Functioning,Knee height,,Parallel,,,,,,,,,,,
2004258,15_AEP_Session_10,15_AEP,-81.70485778,39.73258372,2021-12-22 00:00:00,2022-03-20 00:00:00,Scent,,Trail game,,2047805,15_AEP,60,Camera Functioning,Knee height,,Parallel,,,,,,,,,,,
2004258,15_AEP_Session_2,15_AEP,-81.70485778,39.73258372,2021-02-06 00:00:00,2021-03-14 00:00:00,Scent,,Trail game,,2047805,15_AEP,30,Camera Functioning,Knee height,,Parallel,,,,,,,,,,,
2004258,16_AEP_Session_5,16_AEP,-81.72852996,39.72017475,2021-05-13 00:00:00,2021-06-23 00:00:00,Scent,,Trail game,,2047842,16_AEP,60,Camera Functioning,Knee height,,Parallel,,,,,,,,,,,
2004258,30_ZAL_Session_8,30_ZAL,-82.38787801,39.32039016,2021-08-22 00:00:00,2021-10-17 00:00:00,Scent,,Trail game,,2066925,30_ZAL,60,Camera Functioning,Knee height,,Parallel,,,,,,,,,,,
2004258,9_AEP_Session_10,9_AEP,-81.66392479,39.69795996,2021-12-22 00:00:00,2022-03-20 00:00:00,Scent,,Trail game,,2045850,9_AEP,60,Camera Functioning,Knee height,,Parallel,,,,,,,,,,,
2004258,47_VIN_Session_4,47_VIN,-82.42334943,39.19503877,2021-04-10 00:00:00,2021-05-14 00:00:00,Scent,,Trail game,,2073234,47_VIN,60,Camera Functioning,Knee height,,Parallel,,,,,,,,,,,
2004258,45_VIN_Session_11,45_VIN,-82.38577266,39.18586985,2021-12-18 00:00:00,2022-02-19 00:00:00,Scent,,Trail game,,2073229,45_VIN,30,Camera Functioning,Knee height,,Parallel,,,,,,,,,,,
2004258,39_ZAL_Session_5,39_ZAL,-82.32966882,39.30289217,2021-05-15 00:00:00,2021-06-19 00:00:00,Scent,,Trail game,,2073162,39_ZAL,30,Camera Functioning,Knee height,,Parallel,,,,,,,,,,,
2004258,47_VIN_Session_2,47_VIN,-82.42334943,39.19503877,2021-02-14 00:00:00,2021-03-15 00:00:00,Scent,,Trail game,,2073234,47_VIN,60,Camera Functioning,Knee height,,Parallel,,,,,,,,,,,
2004258,39_ZAL_Session_8,39_ZAL,-82.32966882,39.30289217,2021-08-21 00:00:00,2021-10-08 00:00:00,Scent,,Trail game,,2073162,39_ZAL,30,Camera Functioning,Knee height,,Parallel,,,,,,,,,,,
2004258,13_AEP_Session_10,13_AEP,-81.73907709,39.69642068,2021-12-22 00:00:00,2022-03-20 00:00:00,Scent,,Trail game,,2046339,13_AEP,60,Camera Functioning,Knee height,,Parallel,,,,,,,,,,,
2004258,51_VIN_Session_8,51_VIN,-82.35729256,39.20265539,2021-09-04 00:00:00,2021-10-10 00:00:00,Scent,,Trail game,,2097349,51_VIN,60,Unknown Failure,Knee height,,Parallel,,,,,,,,,,,
2004258,30_ZAL_Session_3,30_ZAL,-82.38787801,39.32039016,2021-03-21 00:00:00,2021-04-18 00:00:00,Scent,,Trail game,,2066925,30_ZAL,60,Camera Functioning,Knee height,,Parallel,,,,,,,,,,,
2004258,11_AEP_Session_6,11_AEP,-81.6790903,39.73382593,2021-06-23 00:00:00,2021-08-09 00:00:00,Scent,,Trail game,,2046326,11_AEP,60,Camera Functioning,Knee height,,Parallel,,,,,,,,,,,
2004258,51_VIN_Session_4,51_VIN,-82.35729256,39.20265539,2021-04-10 00:00:00,2021-05-15 00:00:00,Scent,,Trail game,,2097349,51_VIN,60,Camera Functioning,Knee height,,Parallel,,,,,,,,,,,
2004258,25_ZAL_Session_7,25_ZAL,-82.33699223,39.36780429,2021-07-16 00:00:00,2021-08-20 00:00:00,Scent,,Trail game,,2051111,25_ZAL,30,Camera Functioning,Knee height,,Parallel,,,,,,,,,,,
2004258,28_ZAL_Session_2,28_ZAL,-82.40860133,39.3045709,2021-02-13 00:00:00,2021-03-21 00:00:00,Scent,,Trail game,,2066924,28_ZAL,30,Camera Functioning,Knee height,,Parallel,,,,,,,,,,,
2004258,15_AEP_Session_6,15_AEP,-81.70485778,39.73258372,2021-06-23 00:00:00,2021-08-15 00:00:00,Scent,,Trail game,,2047805,15_AEP,30,Camera Functioning,Knee height,,Parallel,,,,,,,,,,,
2004258,9_AEP_Session_3,9_AEP,-81.66392479,39.69795996,2021-03-14 00:00:00,2021-04-11 00:00:00,Scent,,Trail game,,2045850,9_AEP,60,Camera Functioning,Knee height,,Parallel,,,,,,,,,,,
2004258,13_AEP_Session_4,13_AEP,-81.73907709,39.69642068,2021-04-14 00:00:00,2021-05-20 00:00:00,Scent,,Trail game,,2046339,13_AEP,30,Camera Functioning,Knee height,,Parallel,,,,,,,,,,,
2004258,44_VIN_Session_8,44_VIN,-82.42037585,39.17139552,2021-09-03 00:00:00,2021-10-10 00:00:00,Scent,,Trail game,,2073228,44_VIN,30,Camera Functioning,Knee height,,Parallel,,,,,,,,,,,
2004258,43_VIN_Session_7,43_VIN,-82.40567355,39.17108851,2021-07-17 00:00:00,2021-09-03 00:00:00,Scent,,Trail game,,2073227,43_VIN,30,Camera Functioning,Knee height,,Parallel,,,,,,,,,,,
2004258,43_VIN_Session_3,43_VIN,-82.40567355,39.17108851,2021-03-14 00:00:00,2021-04-10 00:00:00,Scent,,Trail game,,2073227,43_VIN,60,Camera Functioning,Knee height,,Parallel,,,,,,,,,,,
2004258,51_VIN_Session_3,51_VIN,-82.35729256,39.20265539,2021-03-13 00:00:00,2021-03-27 00:00:00,Scent,,Trail game,,2097349,51_VIN,28,Camera Functioning,Knee height,,Parallel,,,,,,,,,,,
2004258,42_VIN_Session_7,42_VIN,-82.38550704,39.16991911,2021-07-17 00:00:00,2021-09-03 00:00:00,Scent,,Trail game,,2073226,42_VIN,60,Camera Functioning,Knee height,,Parallel,,,,,,,,,,,
2004258,41_ZAL_Session_8,41_ZAL,-82.31096424,39.27134681,2021-08-21 00:00:00,2021-10-10 00:00:00,Scent,,Trail game,,2073225,41_ZAL,30,Camera Functioning,Knee height,,Parallel,,,,,,,,,,,
2004258,34_ZAL_Session_4,34_ZAL,-82.35708958,39.28773928,2021-04-17 00:00:00,2021-05-15 00:00:00,Scent,,Trail game,,2067328,34_ZAL,60,Camera Functioning,Knee height,,Parallel,,,,,,,,,,,
2004258,17_AEP_Session_3,17_AEP,-81.73967633,39.73749935,2021-03-20 00:00:00,2021-04-14 00:00:00,Scent,,Trail game,,2047886,17_AEP,30,Camera Functioning,Knee height,,Parallel,,,,,,,,,,,
2004258,39_ZAL_Session_2,39_ZAL,-82.32966882,39.30289217,2021-02-13 00:00:00,2021-03-20 00:00:00,Scent,,Trail game,,2073162,39_ZAL,27,Camera Functioning,Knee height,,Parallel,,,,,,,,,,,
2004258,28_ZAL_Session_5,28_ZAL,-82.40860133,39.3045709,2021-05-16 00:00:00,2021-06-14 00:00:00,Scent,,Trail game,,2066924,28_ZAL,30,Camera Functioning,Knee height,,Parallel,,,,,,,,,,,
2004258,9_AEP_Session_6,9_AEP,-81.66392479,39.69795996,2021-06-23 00:00:00,2021-08-09 00:00:00,Scent,,Trail game,,2045850,9_AEP,60,Camera Functioning,Knee height,,Parallel,,,,,,,,,,,
2004258,50_VIN_Session_7,50_VIN,-82.34839597,39.22640213,2021-07-17 00:00:00,2021-09-04 00:00:00,Scent,,Trail game,,2096959,50_VIN,60,Camera Functioning,Knee height,,Parallel,,,,,,,,,,,
2004258,19_AEP_Session_8,19_AEP,-81.75736785,39.77583812,2021-09-28 00:00:00,2021-11-16 00:00:00,Scent,,Trail game,,2049011,19_AEP,60,Camera Functioning,Knee height,,Parallel,,,,,,,,,,,
2004258,35_ZAL_Session_7,35_ZAL,-82.35539922,39.30075875,2021-07-17 00:00:00,2021-08-21 00:00:00,Scent,,Trail game,,2067354,35_ZAL,60,Camera Functioning,Knee height,,Parallel,,,,,,,,,,,
2004258,50_VIN_Session_2,50_VIN,-82.34839597,39.22640213,2021-02-14 00:00:00,2021-03-13 00:00:00,Scent,,Trail game,,2096959,50_VIN,60,Camera Functioning,Knee height,,Parallel,,,,,,,,,,,
2004258,36_ZAL_Session_5,36_ZAL,-82.36111796,39.25975194,2021-05-15 00:00:00,2021-06-14 00:00:00,Scent,,Trail game,,2067378,36_ZAL,30,Camera Functioning,Knee height,,Parallel,,,,,,,,,,,
2004258,21_AEP_Session_8,21_AEP,-81.7583182,39.72105809,2021-09-28 00:00:00,2021-11-16 00:00:00,Scent,,Trail game,,2051095,21_AEP,60,Camera Functioning,Knee height,,Parallel,,,,,,,,,,,
2004258,19_AEP_Session_5,19_AEP,-81.75736785,39.77583812,2021-05-13 00:00:00,2021-06-23 00:00:00,Scent,,Trail game,,2049011,19_AEP,60,Camera Functioning,Knee height,,Parallel,,,,,,,,,,,
2004258,21_AEP_Session_6,21_AEP,-81.7583182,39.72105809,2021-06-23 00:00:00,2021-08-15 00:00:00,Scent,,Trail game,,2051095,21_AEP,60,Camera Functioning,Knee height,,Parallel,,,,,,,,,,,
2004258,15_AEP_Session_5,15_AEP,-81.70485778,39.73258372,2021-05-12 00:00:00,2021-06-23 00:00:00,Scent,,Trail game,,2047805,15_AEP,30,Camera Functioning,Knee height,,Parallel,,,,,,,,,,,
2004258,19_AEP_Session_10,19_AEP,-81.75736785,39.77583812,2021-12-22 00:00:00,2022-03-20 00:00:00,Scent,,Trail game,,2049011,19_AEP,60,Camera Functioning,Knee height,,Parallel,,,,,,,,,,,
2004258,39_ZAL_Session_9,39_ZAL,-82.32966882,39.30289217,2021-10-08 00:00:00,2021-11-21 00:00:00,Scent,,Trail game,,2073162,39_ZAL,30,Memory Card,Knee height,,Parallel,,,,,,,,,,,
2004258,46_VIN_Session_4,46_VIN,-82.40459382,39.1932657,2021-04-10 00:00:00,2021-05-14 00:00:00,Scent,,Trail game,,2073230,46_VIN,60,Camera Functioning,Knee height,,Parallel,,,,,,,,,,,
2004258,26_ZAL Session_6,26_ZAL,-82.31924866,39.37415263,2021-06-14 00:00:00,2021-07-16 00:00:00,Scent,,Trail game,,2051555,26_ZAL,60,Camera Functioning,Knee height,,Parallel,,,,,,,,,,,
2004258,7_AEP_Session_1,7_AEP,-81.70247285,39.64641353,2021-01-13 00:00:00,2021-02-06 00:00:00,Scent,,Trail game,,2097010,7_AEP,60,Camera Functioning,Knee height,,Parallel,,,,,,,,,,,
2004258,17_AEP_Session_8,17_AEP,-81.73967633,39.73749935,2021-09-28 00:00:00,2021-10-31 00:00:00,Scent,,Trail game,,2047886,17_AEP,30,Camera Functioning,Knee height,,Parallel,,,,,,,,,,,
2004258,7_AEP_Session_9,7_AEP,-81.70247285,39.64641353,2021-11-16 00:00:00,2021-12-22 00:00:00,Scent,,Trail game,,2097010,7_AEP,60,Camera Functioning,Knee height,,Parallel,,,,,,,,,,,
2004258,39_ZAL_Session_1,39_ZAL,-82.32966882,39.30289217,2021-01-15 00:00:00,2021-02-13 00:00:00,Scent,,Trail game,,2073162,39_ZAL,30,Camera Functioning,Knee height,,Parallel,,,,,,,,,,,
2004258,36_ZAL_Session_7,36_ZAL,-82.36111796,39.25975194,2021-07-18 00:00:00,2021-08-20 00:00:00,Scent,,Trail game,,2067378,36_ZAL,30,Camera Functioning,Knee height,,Parallel,,,,,,,,,,,
2004258,33_ZAL_Session_1,33_ZAL,-82.37978045,39.28847114,2021-01-15 00:00:00,2021-02-13 00:00:00,Scent,,Trail game,,2066964,33_ZAL,30,Camera Functioning,Knee height,,Parallel,,,,,,,,,,,
2004258,43_VIN_Session_6,43_VIN,-82.40567355,39.17108851,2021-06-16 00:00:00,2021-07-17 00:00:00,Scent,,Trail game,,2073227,43_VIN,30,Camera Functioning,Knee height,,Parallel,,,,,,,,,,,
2004258,10_AEP_Session_3,10_AEP,-81.67961407,39.72021827,2021-03-13 00:00:00,2021-04-11 00:00:00,Scent,,Trail game,,2046025,10_AEP,30,Camera Functioning,Knee height,,Parallel,,,,,,,,,,,
2004258,41_ZAL_Session_11,41_ZAL,-82.31096424,39.27134681,2021-01-02 00:00:00,2021-03-06 00:00:00,Scent,,Trail game,,2073225,41_ZAL,30,Camera Functioning,Knee height,,Parallel,,,,,,,,,,,
2004258,15_AEP_Session_8,15_AEP,-81.70485778,39.73258372,2021-09-28 00:00:00,2021-11-16 00:00:00,Scent,,Trail game,,2047805,15_AEP,30,Camera Functioning,Knee height,,Parallel,,,,,,,,,,,
2004258,49_VIN_Session_11,49_VIN,-82.36996648,39.21745398,2021-12-18 00:00:00,2022-02-19 00:00:00,Scent,,Trail game,,2096944,49_VIN,60,Camera Functioning,Knee height,,Parallel,,,,,,,,,,,
2004258,20_AEP_Session_1,20_AEP,-81.76236295,39.7405367,2021-01-14 00:00:00,2021-02-07 00:00:00,Scent,,Trail game,,2050643,20_AEP,30,Camera Functioning,Knee height,,Parallel,,,,,,,,,,,
2004258,45_VIN_Session_1,45_VIN,-82.38577266,39.18586985,2021-01-16 00:00:00,2021-02-14 00:00:00,Scent,,Trail game,,2073229,45_VIN,60,Camera Functioning,Knee height,,Parallel,,,,,,,,,,,
2004258,36_ZAL_Session_9,36_ZAL,-82.36111796,39.25975194,2021-10-08 00:00:00,2021-11-21 00:00:00,Scent,,Trail game,,2067378,36_ZAL,30,Unknown Failure,Knee height,,Parallel,,,,,,,,,,,
2004258,30_ZAL_Session_2,30_ZAL,-82.38787801,39.32039016,2021-02-14 00:00:00,2021-03-21 00:00:00,Scent,,Trail game,,2066925,30_ZAL,60,Camera Functioning,Knee height,,Parallel,,,,,,,,,,,
2004258,40_ZAL_Session_9,40_ZAL,-82.31605074,39.3005279,2021-10-10 00:00:00,2021-11-21 00:00:00,Scent,,Trail game,,2073171,40_ZAL,30,Camera Functioning,Knee height,,Parallel,,,,,,,,,,,
2004258,44_VIN_Session_1,44_VIN,-82.42037585,39.17139552,2021-01-16 00:00:00,2021-02-14 00:00:00,Scent,,Trail game,,2073228,44_VIN,30,Camera Functioning,Knee height,,Parallel,,,,,,,,,,,
2004258,28_ZAL_Session_1,28_ZAL,-82.40860133,39.3045709,2021-01-15 00:00:00,2021-02-13 00:00:00,Scent,,Trail game,,2066924,28_ZAL,30,Camera Functioning,Knee height,,Parallel,,,,,,,,,,,
2004258,46_VIN_Session_5,46_VIN,-82.40459382,39.1932657,2021-05-14 00:00:00,2021-06-16 00:00:00,Scent,,Trail game,,2073230,46_VIN,60,Camera Functioning,Knee height,,Parallel,,,,,,,,,,,
2004258,8_AEP_Session_7,8_AEP,-81.67548735,39.68339175,2021-08-09 00:00:00,2021-09-28 00:00:00,Scent,,Trail game,,2045849,8_AEP,30,Camera Functioning,Knee height,,Parallel,,,,,,,,,,,
2004258,40_ZAL_Session_10,40_ZAL,-82.31605074,39.3005279,2021-11-21 00:00:00,2021-12-30 00:00:00,Scent,,Trail game,,2073171,40_ZAL,26,Camera Functioning,Knee height,,Parallel,,,,,,,,,,,
2004258,13_AEP_Session_6,13_AEP,-81.73907709,39.69642068,2021-06-23 00:00:00,2021-08-09 00:00:00,Scent,,Trail game,,2046339,13_AEP,60,Camera Functioning,Knee height,,Parallel,,,,,,,,,,,
2004258,42_VIN_Session_4,42_VIN,-82.38550704,39.16991911,2021-04-10 00:00:00,2021-05-15 00:00:00,Scent,,Trail game,,2073226,42_VIN,60,Camera Functioning,Knee height,,Parallel,,,,,,,,,,,
2004258,10_AEP_Session_9,10_AEP,-81.67961407,39.72021827,2021-11-16 00:00:00,2021-12-21 00:00:00,Scent,,Trail game,,2046025,10_AEP,30,Camera Functioning,Knee height,,Parallel,,,,,,,,,,,
2004258,44_VIN_Session_7,44_VIN,-82.42037585,39.17139552,2021-07-17 00:00:00,2021-09-03 00:00:00,Scent,,Trail game,,2073228,44_VIN,30,Camera Functioning,Knee height,,Parallel,,,,,,,,,,,
2004258,40_ZAL_Session_1,40_ZAL,-82.31605074,39.3005279,2021-01-15 00:00:00,2021-02-13 00:00:00,Scent,,Trail game,,2073171,40_ZAL,30,Camera Functioning,Knee height,,Parallel,,,,,,,,,,,
2004258,48_VIN_Session_9,48_VIN,-82.401875,39.21508414,2021-10-10 00:00:00,2021-11-14 00:00:00,Scent,,Trail game,,2096844,48_VIN,60,Camera Functioning,Knee height,,Parallel,,,,,,,,,,,
2004258,49_VIN_Session_4,49_VIN,-82.36996648,39.21745398,2021-04-10 00:00:00,2021-05-14 00:00:00,Scent,,Trail game,,2096944,49_VIN,60,Unknown Failure,Knee height,,Parallel,,,,,,,,,,,
2004258,51_VIN_Session_9,51_VIN,-82.35729256,39.20265539,2021-10-10 00:00:00,2021-11-14 00:00:00,Scent,,Trail game,,2097349,51_VIN,60,Camera Functioning,Knee height,,Parallel,,,,,,,,,,,
2004258,47_VIN_Session_1,47_VIN,-82.42334943,39.19503877,2021-01-16 00:00:00,2021-02-14 00:00:00,Scent,,Trail game,,2073234,47_VIN,60,Camera Functioning,Knee height,,Parallel,,,,,,,,,,,
2004258,42_VIN_Session_1_2,42_VIN,-82.38550704,39.16991911,2021-01-16 00:00:00,2021-03-13 00:00:00,Scent,,Trail game,,2073226,42_VIN,60,Camera Functioning,Knee height,,Parallel,,,,,,,,,,,
2004258,21_AEP_Session_7,21_AEP,-81.7583182,39.72105809,2021-08-15 00:00:00,2021-09-12 00:00:00,Scent,,Trail game,,2051095,21_AEP,60,Camera Functioning,Knee height,,Parallel,,,,,,,,,,,
2004258,48_VIN_Session_7,48_VIN,-82.401875,39.21508414,2021-07-17 00:00:00,2021-09-04 00:00:00,Scent,,Trail game,,2096844,48_VIN,60,Camera Functioning,Knee height,,Parallel,,,,,,,,,,,
2004258,49_VIN_Session_9,49_VIN,-82.36996648,39.21745398,2021-10-10 00:00:00,2021-11-14 00:00:00,Scent,,Trail game,,2096944,49_VIN,30,Camera Functioning,Knee height,,Parallel,,,,,,,,,,,
2004258,13_AEP_Session_1,13_AEP,-81.73907709,39.69642068,2021-01-14 00:00:00,2021-02-07 00:00:00,Scent,,Trail game,,2046339,13_AEP,30,Camera Functioning,Knee height,,Parallel,,,,,,,,,,,
2004258,16_AEP_Session_7,16_AEP,-81.72852996,39.72017475,2021-08-15 00:00:00,2021-09-28 00:00:00,Scent,,Trail game,,2047842,16_AEP,60,Camera Functioning,Knee height,,Parallel,,,,,,,,,,,
2004258,33_ZAL_Session_4,33_ZAL,-82.37978045,39.28847114,2021-04-17 00:00:00,2021-05-15 00:00:00,Scent,,Trail game,,2066964,33_ZAL,30,Camera Functioning,Knee height,,Parallel,,,,,,,,,,,
2004258,14_AEP_Session_4,14_AEP,-81.71659201,39.71363977,2021-04-11 00:00:00,2021-05-12 00:00:00,Scent,,Trail game,,2047733,14_AEP,60,Camera Functioning,Knee height,,Parallel,,,,,,,,,,,
2004258,38_ZAL_Session_8,38_ZAL,-82.33250372,39.28326325,2021-08-21 00:00:00,2021-10-08 00:00:00,Scent,,Trail game,,2073161,38_ZAL,30,Camera Functioning,Knee height,,Parallel,,,,,,,,,,,
2004258,48_VIN_Session_11,48_VIN,-82.401875,39.21508414,2021-12-19 00:00:00,2022-02-19 00:00:00,Scent,,Trail game,,2096844,48_VIN,60,Camera Functioning,Knee height,,Parallel,,,,,,,,,,,
2004258,33_ZAL_Session_6,33_ZAL,-82.37978045,39.28847114,2021-06-14 00:00:00,2021-07-17 00:00:00,Scent,,Trail game,,2066964,33_ZAL,30,Camera Functioning,Knee height,,Parallel,,,,,,,,,,,
2004258,12_AEP_Session_2,12_AEP,-81.69993768,39.74227385,2021-02-06 00:00:00,2021-03-14 00:00:00,Scent,,Trail game,,2046327,12_AEP,30,Camera Functioning,Knee height,,Parallel,,,,,,,,,,,
2004258,39_ZAL_session_4,39_ZAL,-82.32966882,39.30289217,2021-04-18 00:00:00,2021-05-15 00:00:00,Scent,,Trail game,,2073162,39_ZAL,34,Camera Functioning,Knee height,,Parallel,,,,,,,,,,,
2004258,24_ZAL_Session_1,24_ZAL,-82.3336911,39.33727673,2021-01-15 00:00:00,2021-05-15 00:00:00,Scent,,Trail game,,2097058,24_ZAL,30,Unknown Failure,Knee height,,Parallel,,,,,,,,,,,
2004258,38_ZAL_Session_1,38_ZAL,-82.33250372,39.28326325,2021-01-15 00:00:00,2021-02-13 00:00:00,Scent,,Trail game,,2073161,38_ZAL,30,Camera Functioning,Knee height,,Parallel,,,,,,,,,,,
2004258,13_AEP_Session_9,13_AEP,-81.73907709,39.69642068,2021-11-16 00:00:00,2021-12-22 00:00:00,Scent,,Trail game,,2046339,13_AEP,60,Camera Functioning,Knee height,,Parallel,,,,,,,,,,,
2004258,26_ZAL Session_8,26_ZAL,-82.31924866,39.37415263,2021-08-20 00:00:00,2021-10-17 00:00:00,Scent,,Trail game,,2051555,26_ZAL,60,Camera Functioning,Knee height,,Parallel,,,,,,,,,,,
2004258,51_VIN_Session_1,51_VIN,-82.35729256,39.20265539,2021-01-16 00:00:00,2021-02-14 00:00:00,Scent,,Trail game,,2097349,51_VIN,30,Camera Functioning,Knee height,,Parallel,,,,,,,,,,,
2004258,18_AEP_Session_6,18_AEP,-81.74628786,39.75064269,2021-06-23 00:00:00,2021-08-15 00:00:00,Scent,,Trail game,,2048173,18_AEP,60,Camera Functioning,Knee height,,Parallel,,,,,,,,,,,
2004258,38_ZAL_Session_9,38_ZAL,-82.33250372,39.28326325,2021-10-08 00:00:00,2021-11-21 00:00:00,Scent,,Trail game,,2073161,38_ZAL,30,Camera Functioning,Knee height,,Parallel,,,,,,,,,,,
2004258,14_AEP_Session_7,14_AEP,-81.71659201,39.71363977,2021-06-29 00:00:00,2021-09-28 00:00:00,Scent,,Trail game,,2047733,14_AEP,60,Memory Card,Knee height,,Parallel,,,,,,,,,,,
2004258,28_ZAL_Session_11,28_ZAL,-82.40860133,39.3045709,2021-12-29 00:00:00,2022-03-05 00:00:00,Scent,,Trail game,,2066924,28_ZAL,30,Camera Functioning,Knee height,,Parallel,,,,,,,,,,,
2004258,43_VIN_Session_5,43_VIN,-82.40567355,39.17108851,2021-05-14 00:00:00,2021-06-16 00:00:00,Scent,,Trail game,,2073227,43_VIN,30,Camera Functioning,Knee height,,Parallel,,,,,,,,,,,
2004258,48_VIN_Session_10.5,48_VIN,-82.401875,39.21508414,2021-11-27 00:00:00,2021-12-16 00:00:00,Scent,,Trail game,,2096844,48_VIN,60,Camera Functioning,Knee height,,Parallel,,,,,,,,,,,
2004258,37_ZAL_Session_6,37_ZAL,-82.33808314,39.26516351,2021-06-19 00:00:00,2021-07-18 00:00:00,Scent,,Trail game,,2073077,37_ZAL,60,Camera Functioning,Knee height,,Parallel,,,,,,,,,,,
2004258,43_VIN_Session_11,43_VIN,-82.40567355,39.17108851,2021-12-20 00:00:00,2022-02-19 00:00:00,Scent,,Trail game,,2073227,43_VIN,30,Camera Functioning,Knee height,,Parallel,,,,,,,,,,,
2004258,7_AEP_Session_7,7_AEP,-81.70247285,39.64641353,2021-08-09 00:00:00,2021-09-28 00:00:00,Scent,,Trail game,,2097010,7_AEP,60,Camera Functioning,Knee height,,Parallel,,,,,,,,,,,
2004258,19_AEP_Session_2,19_AEP,-81.75736785,39.77583812,2021-02-07 00:00:00,2021-03-20 00:00:00,Scent,,Trail game,,2049011,19_AEP,60,Camera Functioning,Knee height,,Parallel,,,,,,,,,,,
2004258,43_VIN_Session_8,43_VIN,-82.40567355,39.17108851,2021-09-03 00:00:00,2021-10-10 00:00:00,Scent,,Trail game,,2073227,43_VIN,30,Camera Functioning,Knee height,,Parallel,,,,,,,,,,,
2004258,33_ZAL_Session_3,33_ZAL,-82.37978045,39.28847114,2021-03-20 00:00:00,2021-04-17 00:00:00,Scent,,Trail game,,2066964,33_ZAL,30,Camera Functioning,Knee height,,Parallel,,,,,,,,,,,
2004258,20_AEP_Session_7,20_AEP,-81.76236295,39.7405367,2021-08-15 00:00:00,2021-09-27 00:00:00,Scent,,Trail game,,2050643,20_AEP,30,Camera Functioning,Knee height,,Parallel,,,,,,,,,,,
2004258,10_AEP_Session_10,10_AEP,-81.67961407,39.72021827,2021-12-22 00:00:00,2022-03-20 00:00:00,Scent,,Trail game,,2046025,10_AEP,30,Camera Functioning,Knee height,,Parallel,,,,,,,,,,,
2004258,21_AEP_Session_9,21_AEP,-81.7583182,39.72105809,2021-11-16 00:00:00,2021-11-27 00:00:00,Scent,,Trail game,,2051095,21_AEP,60,Camera Functioning,Knee height,,Parallel,,,,,,,,,,,
2004258,17_AEP_Session_4,17_AEP,-81.73967633,39.73749935,2021-04-14 00:00:00,2021-05-13 00:00:00,Scent,,Trail game,,2047886,17_AEP,30,Camera Functioning,Knee height,,Parallel,,,,,,,,,,,
2004258,46_VIN_Session_7,46_VIN,-82.40459382,39.1932657,2021-07-17 00:00:00,2021-09-04 00:00:00,Scent,,Trail game,,2073230,46_VIN,60,Camera Functioning,Knee height,,Parallel,,,,,,,,,,,
2004258,37_ZAL_Session_5,37_ZAL,-82.33808314,39.26516351,2021-05-15 00:00:00,2021-06-19 00:00:00,Scent,,Trail game,,2073077,37_ZAL,60,Camera Functioning,Knee height,,Parallel,,,,,,,,,,,
2004258,41_ZAL_Session_6,41_ZAL,-82.31096424,39.27134681,2021-06-19 00:00:00,2021-07-18 00:00:00,Scent,,Trail game,,2073225,41_ZAL,30,Camera Functioning,Knee height,,Parallel,,,,,,,,,,,
2004258,50_VIN_Session_11,50_VIN,-82.34839597,39.22640213,2021-12-18 00:00:00,2022-02-19 00:00:00,Scent,,Trail game,,2096959,50_VIN,60,Camera Functioning,Knee height,,Parallel,,,,,,,,,,,
2004258,9_AEP_Session_8,9_AEP,-81.66392479,39.69795996,2021-09-28 00:00:00,2021-11-16 00:00:00,Scent,,Trail game,,2045850,9_AEP,60,Camera Functioning,Knee height,,Parallel,,,,,,,,,,,
2004258,40_ZAL_Session_6,40_ZAL,-82.31605074,39.3005279,2021-06-20 00:00:00,2021-07-18 00:00:00,Scent,,Trail game,,2073171,40_ZAL,30,Camera Functioning,Knee height,,Parallel,,,,,,,,,,,
2004258,18_AEP_Session_3,18_AEP,-81.74628786,39.75064269,2021-03-20 00:00:00,2021-04-14 00:00:00,Scent,,Trail game,,2048173,18_AEP,60,Camera Functioning,Knee height,,Parallel,,,,,,,,,,,
2004258,34_ZAL_Session_8,34_ZAL,-82.35708958,39.28773928,2021-08-21 00:00:00,2021-10-08 00:00:00,Scent,,Trail game,,2067328,34_ZAL,60,Camera Functioning,Knee height,,Parallel,,,,,,,,,,,
2004258,44_VIN_Session_5,44_VIN,-82.42037585,39.17139552,2021-05-14 00:00:00,2021-06-16 00:00:00,Scent,,Trail game,,2073228,44_VIN,30,Camera Functioning,Knee height,,Parallel,,,,,,,,,,,
2004258,30_ZAL_Session_7,30_ZAL,-82.38787801,39.32039016,2021-07-16 00:00:00,2021-08-20 00:00:00,Scent,,Trail game,,2066925,30_ZAL,60,Camera Functioning,Knee height,,Parallel,,,,,,,,,,,
2004258,13_AEP_Session_7,13_AEP,-81.73907709,39.69642068,2021-08-09 00:00:00,2021-09-28 00:00:00,Scent,,Trail game,,2046339,13_AEP,60,Camera Functioning,Knee height,,Parallel,,,,,,,,,,,
2004258,19_AEP_Session_4,19_AEP,-81.75736785,39.77583812,2021-04-14 00:00:00,2021-05-13 00:00:00,Scent,,Trail game,,2049011,19_AEP,60,Camera Functioning,Knee height,,Parallel,,,,,,,,,,,
2004258,41_ZAL_Session_2,41_ZAL,-82.31096424,39.27134681,2021-02-13 00:00:00,2021-03-20 00:00:00,Scent,,Trail game,,2073225,41_ZAL,30,Camera Functioning,Knee height,,Parallel,,,,,,,,,,,
2004258,45_VIN_Session_5,45_VIN,-82.38577266,39.18586985,2021-05-14 00:00:00,2021-06-16 00:00:00,Scent,,Trail game,,2073229,45_VIN,30,Camera Functioning,Knee height,,Parallel,,,,,,,,,,,
2004258,20_AEP_Session_5,20_AEP,-81.76236295,39.7405367,2021-05-13 00:00:00,2021-06-23 00:00:00,Scent,,Trail game,,2050643,20_AEP,30,Camera Functioning,Knee height,,Parallel,,,,,,,,,,,
2004258,24_ZAL_Session_7,24_ZAL,-82.3336911,39.33727673,2021-07-16 00:00:00,2021-08-20 00:00:00,Scent,,Trail game,,2097058,24_ZAL,30,Camera Functioning,Knee height,,Parallel,,,,,,,,,,,
2004258,47_VIN_Session_6,47_VIN,-82.42334943,39.19503877,2021-06-16 00:00:00,2021-07-17 00:00:00,Scent,,Trail game,,2073234,47_VIN,60,Camera Functioning,Knee height,,Parallel,,,,,,,,,,,
2004258,24_ZAL_Session_5,24_ZAL,-82.3336911,39.33727673,2021-05-16 00:00:00,2021-06-14 00:00:00,Scent,,Trail game,,2097058,24_ZAL,30,Camera Functioning,Knee height,,Parallel,,,,,,,,,,,
2004258,38_ZAL_Session_4,38_ZAL,-82.33250372,39.28326325,2021-04-17 00:00:00,2021-05-15 00:00:00,Scent,,Trail game,,2073161,38_ZAL,30,Camera Functioning,Knee height,,Parallel,,,,,,,,,,,
2004258,20_AEP_Session_10,20_AEP,-81.76236295,39.7405367,2021-12-22 00:00:00,2022-03-20 00:00:00,Scent,,Trail game,,2050643,20_AEP,30,Theft,Knee height,,Parallel,,,,,,,,,,,
2004258,17_AEP_Session_5,17_AEP,-81.73967633,39.73749935,2021-05-13 00:00:00,2021-06-23 00:00:00,Scent,,Trail game,,2047886,17_AEP,30,Camera Functioning,Knee height,,Parallel,,,,,,,,,,,
2004258,41_ZAL_Session_1,41_ZAL,-82.31096424,39.27134681,2021-01-15 00:00:00,2021-02-13 00:00:00,Scent,,Trail game,,2073225,41_ZAL,30,Camera Functioning,Knee height,,Parallel,,,,,,,,,,,
2004258,14_AEP_Session_2,14_AEP,-81.71659201,39.71363977,2021-02-08 00:00:00,2021-03-14 00:00:00,Scent,,Trail game,,2047733,14_AEP,60,Camera Functioning,Knee height,,Parallel,,,,,,,,,,,
2004258,26_ZAL_Session_2,26_ZAL,-82.31924866,39.37415263,2021-02-13 00:00:00,2021-03-21 00:00:00,Scent,,Trail game,,2051555,26_ZAL,60,Camera Functioning,Knee height,,Parallel,,,,,,,,,,,
2004258,47_VIN_Session_9,47_VIN,-82.42334943,39.19503877,2021-10-10 00:00:00,2021-11-14 00:00:00,Scent,,Trail game,,2073234,47_VIN,60,Camera Functioning,Knee height,,Parallel,,,,,,,,,,,
2004258,35_ZAL_Session_10,35_ZAL,-82.35539922,39.30075875,2021-11-21 00:00:00,2021-12-29 00:00:00,Scent,,Trail game,,2067354,35_ZAL,60,Camera Functioning,Knee height,,Parallel,,,,,,,,,,,
2004258,12_AEP_Session_3,12_AEP,-81.69993768,39.74227385,2021-03-14 00:00:00,2021-04-12 00:00:00,Scent,,Trail game,,2046327,12_AEP,30,Camera Functioning,Knee height,,Parallel,,,,,,,,,,,
2004258,42_VIN_Session_6,42_VIN,-82.38550704,39.16991911,2021-06-16 00:00:00,2021-07-17 00:00:00,Scent,,Trail game,,2073226,42_VIN,60,Camera Functioning,Knee height,,Parallel,,,,,,,,,,,
2004258,45_VIN_Session_6,45_VIN,-82.38577266,39.18586985,2021-06-16 00:00:00,2021-07-17 00:00:00,Scent,,Trail game,,2073229,45_VIN,30,Camera Functioning,Knee height,,Parallel,,,,,,,,,,,
2004258,36_ZAL_Session_11,36_ZAL,-82.36111796,39.25975194,2021-12-29 00:00:00,2022-03-06 00:00:00,Scent,,Trail game,,2067378,36_ZAL,30,Unknown Failure,Knee height,,Parallel,,,,,,,,,,,
2004258,25_ZAL_Session_8,25_ZAL,-82.33699223,39.36780429,2021-08-20 00:00:00,2021-10-17 00:00:00,Scent,,Trail game,,2051111,25_ZAL,30,Camera Functioning,Knee height,,Parallel,,,,,,,,,,,
2004258,8_AEP_Session_5,8_AEP,-81.67548735,39.68339175,2021-05-12 00:00:00,2021-05-30 00:00:00,Scent,,Trail game,,2045849,8_AEP,30,Camera Functioning,Knee height,,Parallel,,,,,,,,,,,
2004258,37_ZAL_Session_7,37_ZAL,-82.33808314,39.26516351,2021-07-18 00:00:00,2021-08-21 00:00:00,Scent,,Trail game,,2073077,37_ZAL,63,Camera Functioning,Knee height,,Parallel,,,,,,,,,,,
2004258,51_VIN_Session_5,51_VIN,-82.35729256,39.20265539,2021-05-15 00:00:00,2021-06-11 00:00:00,Scent,,Trail game,,2097349,51_VIN,60,Camera Functioning,Knee height,,Parallel,,,,,,,,,,,
2004258,37_ZAL_Session_2,37_ZAL,-82.33808314,39.26516351,2021-02-13 00:00:00,2021-03-20 00:00:00,Scent,,Trail game,,2073077,37_ZAL,60,Camera Functioning,Knee height,,Parallel,,,,,,,,,,,
2004258,8_AEP_Session_9,8_AEP,-81.67548735,39.68339175,2021-11-16 00:00:00,2021-12-22 00:00:00,Scent,,Trail game,,2045849,8_AEP,30,Camera Functioning,Knee height,,Parallel,,,,,,,,,,,
2004258,15_AEP_Session_9,15_AEP,-81.70485778,39.73258372,2021-11-16 00:00:00,2021-11-27 00:00:00,Scent,,Trail game,,2047805,15_AEP,60,Camera Functioning,Knee height,,Parallel,,,,,,,,,,,
2004258,49_VIN_Session_6,49_VIN,-82.36996648,39.21745398,2021-06-16 00:00:00,2021-06-23 00:00:00,Scent,,Trail game,,2096944,49_VIN,30,Camera Functioning,Knee height,,Parallel,,,,,,,,,,,
2004258,39_ZAL_Session_6,39_ZAL,-82.32966882,39.30289217,2021-06-19 00:00:00,2021-07-18 00:00:00,Scent,,Trail game,,2073162,39_ZAL,33,Camera Functioning,Knee height,,Parallel,,,,,,,,,,,
2004258,36_ZAL_Session_4,36_ZAL,-82.36111796,39.25975194,2021-04-17 00:00:00,2021-05-15 00:00:00,Scent,,Trail game,,2067378,36_ZAL,30,Camera Functioning,Knee height,,Parallel,,,,,,,,,,,
2004258,30_ZAL_Session_4,30_ZAL,-82.38787801,39.32039016,2021-04-18 00:00:00,2021-05-16 00:00:00,Scent,,Trail game,,2066925,30_ZAL,60,Camera Functioning,Knee height,,Parallel,,,,,,,,,,,
2004258,40_ZAL_Session_3,40_ZAL,-82.31605074,39.3005279,2021-03-20 00:00:00,2021-04-17 00:00:00,Scent,,Trail game,,2073171,40_ZAL,30,Camera Functioning,Knee height,,Parallel,,,,,,,,,,,
2004258,44_VIN_Session_11,44_VIN,-82.42037585,39.17139552,2021-12-18 00:00:00,2022-02-19 00:00:00,Scent,,Trail game,,2073228,44_VIN,30,Camera Functioning,Knee height,,Parallel,,,,,,,,,,,
2004258,49_VIN_Session_1,49_VIN,-82.36996648,39.21745398,2021-01-16 00:00:00,2021-02-14 00:00:00,Scent,,Trail game,,2096944,49_VIN,60,Camera Functioning,Knee height,,Parallel,,,,,,,,,,,
2004258,9_AEP_Session_5,9_AEP,-81.66392479,39.69795996,2021-05-12 00:00:00,2021-06-23 00:00:00,Scent,,Trail game,,2045850,9_AEP,60,Camera Functioning,Knee height,,Parallel,,,,,,,,,,,
2004258,15_AEP_Session_4,15_AEP,-81.70485778,39.73258372,2021-04-11 00:00:00,2021-05-12 00:00:00,Scent,,Trail game,,2047805,15_AEP,30,Camera Functioning,Knee height,,Parallel,,,,,,,,,,,
2004258,28_ZAL_Session_10,28_ZAL,-82.40860133,39.3045709,2021-11-20 00:00:00,2021-11-22 00:00:00,Scent,,Trail game,,2066924,28_ZAL,30,Camera Functioning,Knee height,,Parallel,,,,,,,,,,,
2004258,51_VIN_Session_6,51_VIN,-82.35729256,39.20265539,2021-06-16 00:00:00,2021-07-16 00:00:00,Scent,,Trail game,,2097349,51_VIN,60,Camera Functioning,Knee height,,Parallel,,,,,,,,,,,
2004258,44_VIN_Session_10,44_VIN,-82.42037585,39.17139552,2021-11-14 00:00:00,2021-12-18 00:00:00,Scent,,Trail game,,2073228,44_VIN,30,Camera Functioning,Knee height,,Parallel,,,,,,,,,,,
2004258,37_ZAL_Session_1,37_ZAL,-82.33808314,39.26516351,2021-01-15 00:00:00,2021-02-13 00:00:00,Scent,,Trail game,,2073077,37_ZAL,60,Camera Functioning,Knee height,,Parallel,,,,,,,,,,,
2004258,50_VIN_Session_8,50_VIN,-82.34839597,39.22640213,2021-09-04 00:00:00,2021-10-10 00:00:00,Scent,,Trail game,,2096959,50_VIN,60,Camera Functioning,Knee height,,Parallel,,,,,,,,,,,
2004258,28_ZAL_Session_9,28_ZAL,-82.40860133,39.3045709,2021-10-17 00:00:00,2021-10-18 00:00:00,Scent,,Trail game,,2066924,28_ZAL,30,Unknown Failure,Knee height,,Parallel,,,,,,,,,,,
2004258,28_ZAL_Session_8,28_ZAL,-82.40860133,39.3045709,2021-08-20 00:00:00,2021-09-02 00:00:00,Scent,,Trail game,,2066924,28_ZAL,30,Camera Functioning,Knee height,,Parallel,,,,,,,,,,,
2004258,40_ZAL_Session_2,40_ZAL,-82.31605074,39.3005279,2021-02-13 00:00:00,2021-03-20 00:00:00,Scent,,Trail game,,2073171,40_ZAL,30,Camera Functioning,Knee height,,Parallel,,,,,,,,,,,
2004258,50_VIN_Session_4,50_VIN,-82.34839597,39.22640213,2021-04-10 00:00:00,2021-05-15 00:00:00,Scent,,Trail game,,2096959,50_VIN,60,Unknown Failure,Knee height,,Parallel,,,,,,,,,,,
2004258,26_ZAL Session_10,26_ZAL,-82.31924866,39.37415263,2021-11-20 00:00:00,2021-12-19 00:00:00,Scent,,Trail game,,2051555,26_ZAL,60,Camera Functioning,Knee height,,Parallel,,,,,,,,,,,
2004258,7_AEP_Session_6,7_AEP,-81.70247285,39.64641353,2021-06-22 00:00:00,2021-08-09 00:00:00,Scent,,Trail game,,2097010,7_AEP,60,Camera Functioning,Knee height,,Parallel,,,,,,,,,,,
2004258,45_VIN_Session_3,45_VIN,-82.38577266,39.18586985,2021-03-13 00:00:00,2021-04-10 00:00:00,Scent,,Trail game,,2073229,45_VIN,60,Camera Functioning,Knee height,,Parallel,,,,,,,,,,,
2004258,35_ZAL_Session_8,35_ZAL,-82.35539922,39.30075875,2021-08-21 00:00:00,2021-10-08 00:00:00,Scent,,Trail game,,2067354,35_ZAL,60,Camera Functioning,Knee height,,Parallel,,,,,,,,,,,
2004258,30_ZAL_Session_6,30_ZAL,-82.38787801,39.32039016,2021-06-14 00:00:00,2021-07-16 00:00:00,Scent,,Trail game,,2066925,30_ZAL,30,Camera Functioning,Knee height,,Parallel,,,,,,,,,,,
2004258,36_ZAL_Session_10,36_ZAL,-82.36111796,39.25975194,2021-11-21 00:00:00,2021-12-29 00:00:00,Scent,,Trail game,,2067378,36_ZAL,30,Camera Functioning,Knee height,,Parallel,,,,,,,,,,,
2004258,19_AEP_Session_9,19_AEP,-81.75736785,39.77583812,2021-11-16 00:00:00,2021-11-27 00:00:00,Scent,,Trail game,,2049011,19_AEP,60,Camera Functioning,Knee height,,Parallel,,,,,,,,,,,
2004258,47_VIN_Session_8,47_VIN,-82.42334943,39.19503877,2021-09-04 00:00:00,2021-10-10 00:00:00,Scent,,Trail game,,2073234,47_VIN,60,Camera Functioning,Knee height,,Parallel,,,,,,,,,,,
2004258,49_VIN_Session_8,49_VIN,-82.36996648,39.21745398,2021-09-04 00:00:00,2021-10-10 00:00:00,Scent,,Trail game,,2096944,49_VIN,30,Camera Functioning,Knee height,,Parallel,,,,,,,,,,,
2004258,42_VIN_Session_11,42_VIN,-82.38550704,39.16991911,2021-12-30 00:00:00,2022-03-06 00:00:00,Scent,,Trail game,,2073226,42_VIN,60,Unknown Failure,Knee height,,Parallel,,,,,,,,,,,
2004258,49_VIN_Session_7,49_VIN,-82.36996648,39.21745398,2021-07-17 00:00:00,2021-11-04 00:00:00,Scent,,Trail game,,2096944,49_VIN,30,Camera Functioning,Knee height,,Parallel,,,,,,,,,,,
2004258,40_ZAL_Session_8,40_ZAL,-82.31605074,39.3005279,2021-08-21 00:00:00,2021-10-10 00:00:00,Scent,,Trail game,,2073171,40_ZAL,30,Camera Functioning,Knee height,,Parallel,,,,,,,,,,,
2004258,26_ZAL Session_9,26_ZAL,-82.31924866,39.37415263,2021-10-17 00:00:00,2021-11-20 00:00:00,Scent,,Trail game,,2051555,26_ZAL,60,Camera Functioning,Knee height,,Parallel,,,,,,,,,,,
2004258,35_ZAL_Session_6,35_ZAL,-82.35539922,39.30075875,2021-06-14 00:00:00,2021-07-17 00:00:00,Scent,,Trail game,,2067354,35_ZAL,60,Camera Functioning,Knee height,,Parallel,,,,,,,,,,,
2004258,14_AEP_Session_9,14_AEP,-81.71659201,39.71363977,2021-11-16 00:00:00,2021-12-22 00:00:00,Scent,,Trail game,,2047733,14_AEP,60,Memory Card,Knee height,,Parallel,,,,,,,,,,,
2004258,13_AEP_Session_3,13_AEP,-81.73907709,39.69642068,2021-03-20 00:00:00,2021-04-14 00:00:00,Scent,,Trail game,,2046339,13_AEP,30,Camera Functioning,Knee height,,Parallel,,,,,,,,,,,
2004258,48_VIN_Session_5,48_VIN,-82.401875,39.21508414,2021-05-14 00:00:00,2021-06-16 00:00:00,Scent,,Trail game,,2096844,48_VIN,56,Camera Functioning,Knee height,,Parallel,,,,,,,,,,,
2004258,35_ZAL_Session_11,35_ZAL,-82.35539922,39.30075875,2021-12-29 00:00:00,2022-03-05 00:00:00,Scent,,Trail game,,2067354,35_ZAL,60,Camera Functioning,Knee height,,Parallel,,,,,,,,,,,
2004258,38_ZAL_Session_5,38_ZAL,-82.33250372,39.28326325,2021-05-15 00:00:00,2021-06-19 00:00:00,Scent,,Trail game,,2073161,38_ZAL,34,Camera Functioning,Knee height,,Parallel,,,,,,,,,,,
2004258,21_AEP_Session_9.5,21_AEP,-81.7583182,39.72105809,2021-11-28 00:00:00,2021-11-30 00:00:00,Scent,,Trail game,,2051095,21_AEP,60,Camera Functioning,Knee height,,Parallel,,,,,,,,,,,
2004258,30_ZAL_Session_10,30_ZAL,-82.38787801,39.32039016,2021-11-20 00:00:00,2021-12-29 00:00:00,Scent,,Trail game,,2066925,30_ZAL,60,Camera Functioning,Knee height,,Parallel,,,,,,,,,,,
2004258,49_VIN_Session_2,49_VIN,-82.36996648,39.21745398,2021-02-14 00:00:00,2021-03-13 00:00:00,Scent,,Trail game,,2096944,49_VIN,60,Camera Functioning,Knee height,,Parallel,,,,,,,,,,,
2004258,51_VIN_Session_11,51_VIN,-82.35729256,39.20265539,2021-12-18 00:00:00,2022-02-19 00:00:00,Scent,,Trail game,,2097349,51_VIN,60,Camera Functioning,Knee height,,Parallel,,,,,,,,,,,
2004258,35_ZAL_Session_2,35_ZAL,-82.35539922,39.30075875,2021-02-13 00:00:00,2021-03-20 00:00:00,Scent,,Trail game,,2067354,35_ZAL,60,Camera Functioning,Knee height,,Parallel,,,,,,,,,,,
2004258,49_VIN_Session_10,49_VIN,-82.36996648,39.21745398,2021-11-14 00:00:00,2021-12-17 00:00:00,Scent,,Trail game,,2096944,49_VIN,30,Camera Functioning,Knee height,,Parallel,,,,,,,,,,,
2004258,7_AEP_Session_10,7_AEP,-81.70247285,39.64641353,2021-12-22 00:00:00,2022-03-20 00:00:00,Scent,,Trail game,,2097010,7_AEP,60,Camera Functioning,Knee height,,Parallel,,,,,,,,,,,
2004258,10_AEP_Session_4,10_AEP,-81.67961407,39.72021827,2021-04-11 00:00:00,2021-04-18 00:00:00,Scent,,Trail game,,2046025,10_AEP,30,Camera Functioning,Knee height,,Parallel,,,,,,,,,,,
2004258,47_VIN_Session_11,47_VIN,-82.42334943,39.19503877,2021-12-18 00:00:00,2022-02-19 00:00:00,Scent,,Trail game,,2073234,47_VIN,30,Camera Functioning,Knee height,,Parallel,,,,,,,,,,,
2004258,34_ZAL_Session_3,34_ZAL,-82.35708958,39.28773928,2021-03-20 00:00:00,2021-04-17 00:00:00,Scent,,Trail game,,2067328,34_ZAL,60,Camera Functioning,Knee height,,Parallel,,,,,,,,,,,
2004258,48_VIN_Session_2,48_VIN,-82.401875,39.21508414,2021-02-14 00:00:00,2021-03-13 00:00:00,Scent,,Trail game,,2096844,48_VIN,58,Camera Functioning,Knee height,,Parallel,,,,,,,,,,,
2004258,50_VIN_Session_9,50_VIN,-82.34839597,39.22640213,2021-10-10 00:00:00,2021-11-14 00:00:00,Scent,,Trail game,,2096959,50_VIN,60,Camera Functioning,Knee height,,Parallel,,,,,,,,,,,
2004258,14_AEP_Session_3,14_AEP,-81.71659201,39.71363977,2021-03-14 00:00:00,2021-04-11 00:00:00,Scent,,Trail game,,2047733,14_AEP,60,Camera Functioning,Knee height,,Parallel,,,,,,,,,,,
2004258,42_VIN_Session_10,42_VIN,-82.38550704,39.16991911,2021-11-14 00:00:00,2021-12-30 00:00:00,Scent,,Trail game,,2073226,42_VIN,60,Unknown Failure,Knee height,,Parallel,,,,,,,,,,,
2004258,44_VIN_Session_4,44_VIN,-82.42037585,39.17139552,2021-04-10 00:00:00,2021-05-14 00:00:00,Scent,,Trail game,,2073228,44_VIN,30,Camera Functioning,Knee height,,Parallel,,,,,,,,,,,
2004258,26_ZAL_Session_4,26_ZAL,-82.31924866,39.37415263,2021-04-18 00:00:00,2021-05-16 00:00:00,Scent,,Trail game,,2051555,26_ZAL,60,Camera Functioning,Knee height,,Parallel,,,,,,,,,,,
2004258,9_AEP_Session_2,9_AEP,-81.66392479,39.69795996,2021-02-06 00:00:00,2021-03-12 00:00:00,Scent,,Trail game,,2045850,9_AEP,60,Camera Functioning,Knee height,,Parallel,,,,,,,,,,,
2004258,18_AEP_Session_4,18_AEP,-81.74628786,39.75064269,2021-04-14 00:00:00,2021-05-13 00:00:00,Scent,,Trail game,,2048173,18_AEP,60,Camera Functioning,Knee height,,Parallel,,,,,,,,,,,
2004258,21_AEP_Session_5,21_AEP,-81.7583182,39.72105809,2021-05-13 00:00:00,2021-06-23 00:00:00,Scent,,Trail game,,2051095,21_AEP,60,Camera Functioning,Knee height,,Parallel,,,,,,,,,,,
2004258,50_VIN_Session_6,50_VIN,-82.34839597,39.22640213,2021-06-16 00:00:00,2021-07-17 00:00:00,Scent,,Trail game,,2096959,50_VIN,60,Camera Functioning,Knee height,,Parallel,,,,,,,,,,,
2004258,20_AEP_Session_4,20_AEP,-81.76236295,39.7405367,2021-04-14 00:00:00,2021-05-10 00:00:00,Scent,,Trail game,,2050643,20_AEP,30,Camera Functioning,Knee height,,Parallel,,,,,,,,,,,
2004258,15_AEP_Session_7,15_AEP,-81.70485778,39.73258372,2021-08-15 00:00:00,2021-09-28 00:00:00,Scent,,Trail game,,2047805,15_AEP,30,Camera Functioning,Knee height,,Parallel,,,,,,,,,,,
2004258,11_AEP_Session_5,11_AEP,-81.6790903,39.73382593,2021-05-12 00:00:00,2021-06-23 00:00:00,Scent,,Trail game,,2046326,11_AEP,60,Camera Functioning,Knee height,,Parallel,,,,,,,,,,,
2004258,46_VIN_Session_1,46_VIN,-82.40459382,39.1932657,2021-01-16 00:00:00,2021-01-17 00:00:00,Scent,,Trail game,,2073230,46_VIN,60,Unknown Failure,Knee height,,Parallel,,,,,,,,,,,
2004258,45_VIN_Session_8,45_VIN,-82.38577266,39.18586985,2021-09-04 00:00:00,2021-10-10 00:00:00,Scent,,Trail game,,2073229,45_VIN,30,Camera Functioning,Knee height,,Parallel,,,,,,,,,,,
2004258,8_AEP_Session_3,8_AEP,-81.67548735,39.68339175,2021-03-14 00:00:00,2021-03-21 00:00:00,Scent,,Trail game,,2045849,8_AEP,30,Camera Functioning,Knee height,,Parallel,,,,,,,,,,,
2004258,12_AEP_Session_7,12_AEP,-81.69993768,39.74227385,2021-08-09 00:00:00,2021-09-28 00:00:00,Scent,,Trail game,,2046327,12_AEP,30,Camera Functioning,Knee height,,Parallel,,,,,,,,,,,
2004258,7_AEP_Session_8,7_AEP,-81.70247285,39.64641353,2021-09-28 00:00:00,2021-11-16 00:00:00,Scent,,Trail game,,2097010,7_AEP,60,Camera Functioning,Knee height,,Parallel,,,,,,,,,,,
2004258,28_ZAL_Session_6,28_ZAL,-82.40860133,39.3045709,2021-06-14 00:00:00,2021-07-16 00:00:00,Scent,,Trail game,,2066924,28_ZAL,30,Camera Functioning,Knee height,,Parallel,,,,,,,,,,,
2004258,15_AEP_Session_1,15_AEP,-81.70485778,39.73258372,2021-01-14 00:00:00,2021-02-04 00:00:00,Scent,,Trail game,,2047805,15_AEP,30,Camera Functioning,Knee height,,Parallel,,,,,,,,,,,
2004258,36_ZAL_Session_1,36_ZAL,-82.36111796,39.25975194,2021-01-15 00:00:00,2021-02-13 00:00:00,Scent,,Trail game,,2067378,36_ZAL,30,Camera Functioning,Knee height,,Parallel,,,,,,,,,,,
2004258,26_ZAL_Session_1,26_ZAL,-82.31924866,39.37415263,2021-01-15 00:00:00,2021-02-13 00:00:00,Scent,,Trail game,,2051555,26_ZAL,60,Camera Functioning,Knee height,,Parallel,,,,,,,,,,,
2004258,26_ZAL Session_7,26_ZAL,-82.31924866,39.37415263,2021-07-16 00:00:00,2021-08-20 00:00:00,Scent,,Trail game,,2051555,26_ZAL,60,Camera Functioning,Knee height,,Parallel,,,,,,,,,,,
2004258,12_AEP_Session_4,12_AEP,-81.69993768,39.74227385,2021-04-11 00:00:00,2021-05-12 00:00:00,Scent,,Trail game,,2046327,12_AEP,30,Camera Functioning,Knee height,,Parallel,,,,,,,,,,,
2004258,30_ZAL_Session_11,30_ZAL,-82.38787801,39.32039016,2021-12-29 00:00:00,2022-03-05 00:00:00,Scent,,Trail game,,2066925,30_ZAL,60,Camera Functioning,Knee height,,Parallel,,,,,,,,,,,
2004258,7_AEP_Session_3,7_AEP,-81.70247285,39.64641353,2021-03-14 00:00:00,2021-04-11 00:00:00,Scent,,Trail game,,2097010,7_AEP,60,Camera Functioning,Knee height,,Parallel,,,,,,,,,,,
2004258,34_ZAL_Session_9,34_ZAL,-82.35708958,39.28773928,2021-10-08 00:00:00,2021-11-21 00:00:00,Scent,,Trail game,,2067328,34_ZAL,60,Camera Functioning,Knee height,,Parallel,,,,,,,,,,,
2004258,21_AEP_Session_2,21_AEP,-81.7583182,39.72105809,2021-02-07 00:00:00,2021-03-20 00:00:00,Scent,,Trail game,,2051095,21_AEP,60,Camera Functioning,Knee height,,Parallel,,,,,,,,,,,
2004258,18_AEP_Session_7,18_AEP,-81.74628786,39.75064269,2021-08-15 00:00:00,2021-09-28 00:00:00,Scent,,Trail game,,2048173,18_AEP,60,Camera Functioning,Knee height,,Parallel,,,,,,,,,,,
2004258,34_ZAL_Session_11,34_ZAL,-82.35708958,39.28773928,2021-12-29 00:00:00,2022-03-06 00:00:00,Scent,,Trail game,,2067328,34_ZAL,60,Camera Functioning,Knee height,,Parallel,,,,,,,,,,,
2004258,34_ZAL_Session_1,34_ZAL,-82.35708958,39.28773928,2021-01-15 00:00:00,2021-02-13 00:00:00,Scent,,Trail game,,2067328,34_ZAL,60,Camera Functioning,Knee height,,Parallel,,,,,,,,,,,
2004258,40_ZAL_Session_4,40_ZAL,-82.31605074,39.3005279,2021-04-17 00:00:00,2021-05-15 00:00:00,Scent,,Trail game,,2073171,40_ZAL,26,Camera Functioning,Knee height,,Parallel,,,,,,,,,,,
2004258,33_ZAL_Session_11,33_ZAL,-82.37978045,39.28847114,2021-12-29 00:00:00,2022-03-05 00:00:00,Scent,,Trail game,,2066964,33_ZAL,30,Camera Functioning,Knee height,,Parallel,,,,,,,,,,,
2004258,45_VIN_Session_4,45_VIN,-82.38577266,39.18586985,2021-04-10 00:00:00,2021-05-14 00:00:00,Scent,,Trail game,,2073229,45_VIN,30,Camera Functioning,Knee height,,Parallel,,,,,,,,,,,
2004258,8_AEP_Session_4,8_AEP,-81.67548735,39.68339175,2021-04-11 00:00:00,2021-05-12 00:00:00,Scent,,Trail game,,2045849,8_AEP,30,Camera Functioning,Knee height,,Parallel,,,,,,,,,,,
2004258,44_VIN_Session_3,44_VIN,-82.42037585,39.17139552,2021-03-13 00:00:00,2021-04-10 00:00:00,Scent,,Trail game,,2073228,44_VIN,30,Camera Functioning,Knee height,,Parallel,,,,,,,,,,,
2004258,50_VIN_Session_10,50_VIN,-82.34839597,39.22640213,2021-11-14 00:00:00,2021-12-18 00:00:00,Scent,,Trail game,,2096959,50_VIN,60,Camera Functioning,Knee height,,Parallel,,,,,,,,,,,
2004258,21_AEP_Session_1,21_AEP,-81.7583182,39.72105809,2021-01-14 00:00:00,2021-02-07 00:00:00,Scent,,Trail game,,2051095,21_AEP,60,Camera Functioning,Knee height,,Parallel,,,,,,,,,,,
2004258,24_ZAL_Session_8,24_ZAL,-82.3336911,39.33727673,2021-08-20 00:00:00,2021-09-03 00:00:00,Scent,,Trail game,,2097058,24_ZAL,30,Camera Functioning,Knee height,,Parallel,,,,,,,,,,,
2004258,39_ZAL_Session_10,39_ZAL,-82.32966882,39.30289217,2021-11-21 00:00:00,2021-12-29 00:00:00,Scent,,Trail game,,2073162,39_ZAL,27,Memory Card,Knee height,,Parallel,,,,,,,,,,,
2004258,44_VIN_Session_6,44_VIN,-82.42037585,39.17139552,2021-06-16 00:00:00,2021-07-17 00:00:00,Scent,,Trail game,,2073228,44_VIN,30,Camera Functioning,Knee height,,Parallel,,,,,,,,,,,
2004258,25_ZAL_Session_3,25_ZAL,-82.33699223,39.36780429,2021-03-21 00:00:00,2021-04-18 00:00:00,Scent,,Trail game,,2051111,25_ZAL,30,Camera Functioning,Knee height,,Parallel,,,,,,,,,,,
2004258,41_ZAL_Session_10,41_ZAL,-82.31096424,39.27134681,2021-11-21 00:00:00,2021-12-29 00:00:00,Scent,,Trail game,,2073225,41_ZAL,30,Camera Functioning,Knee height,,Parallel,,,,,,,,,,,
2004258,18_AEP_Session_9,18_AEP,-81.74628786,39.75064269,2021-11-17 00:00:00,2021-12-22 00:00:00,Scent,,Trail game,,2048173,18_AEP,60,Camera Functioning,Knee height,,Parallel,,,,,,,,,,,
2004258,38_ZAL_Session_2,38_ZAL,-82.33250372,39.28326325,2021-02-13 00:00:00,2021-03-20 00:00:00,Scent,,Trail game,,2073161,38_ZAL,30,Camera Functioning,Knee height,,Parallel,,,,,,,,,,,
2004258,9_AEP_Session_4,9_AEP,-81.66392479,39.69795996,2021-04-11 00:00:00,2021-05-12 00:00:00,Scent,,Trail game,,2045850,9_AEP,60,Camera Functioning,Knee height,,Parallel,,,,,,,,,,,
2004258,18_AEP_Session_10,18_AEP,-81.74628786,39.75064269,2021-12-22 00:00:00,2022-03-20 00:00:00,Scent,,Trail game,,2048173,18_AEP,60,Camera Functioning,Knee height,,Parallel,,,,,,,,,,,
2004258,20_AEP_Session_6,20_AEP,-81.76236295,39.7405367,2021-07-30 00:00:00,2021-07-31 00:00:00,Scent,,Trail game,,2050643,20_AEP,30,Camera Functioning,Knee height,,Parallel,,,,,,,,,,,
2004258,8_AEP_Session_8,8_AEP,-81.67548735,39.68339175,2021-09-28 00:00:00,2021-11-16 00:00:00,Scent,,Trail game,,2045849,8_AEP,30,Camera Functioning,Knee height,,Parallel,,,,,,,,,,,
2004258,14_AEP_Session_8,14_AEP,-81.71659201,39.71363977,2021-09-28 00:00:00,2021-11-16 00:00:00,Scent,,Trail game,,2047733,14_AEP,60,Camera Functioning,Knee height,,Parallel,,,,,,,,,,,
2004258,48_VIN_Session_3,48_VIN,-82.401875,39.21508414,2021-03-13 00:00:00,2021-04-10 00:00:00,Scent,,Trail game,,2096844,48_VIN,60,Camera Functioning,Knee height,,Parallel,,,,,,,,,,,
2004258,12_AEP_Session_8,12_AEP,-81.69993768,39.74227385,2021-09-28 00:00:00,2021-11-16 00:00:00,Scent,,Trail game,,2046327,12_AEP,30,Camera Functioning,Knee height,,Parallel,,,,,,,,,,,
2004258,47_VIN_Session_3,47_VIN,-82.42334943,39.19503877,2021-03-13 00:00:00,2021-04-10 00:00:00,Scent,,Trail game,,2073234,47_VIN,60,Camera Functioning,Knee height,,Parallel,,,,,,,,,,,
2004258,43_VIN_Session_4,43_VIN,-82.40567355,39.17108851,2021-05-12 00:00:00,2021-05-14 00:00:00,Scent,,Trail game,,2073227,43_VIN,30,Unknown Failure,Knee height,,Parallel,,,,,,,,,,,
2004258,28_ZAL_Session_7,28_ZAL,-82.40860133,39.3045709,2021-07-16 00:00:00,2021-08-20 00:00:00,Scent,,Trail game,,2066924,28_ZAL,30,Camera Functioning,Knee height,,Parallel,,,,,,,,,,,
2004258,10_AEP_Session_2,10_AEP,-81.67961407,39.72021827,2021-02-06 00:00:00,2021-03-13 00:00:00,Scent,,Trail game,,2046025,10_AEP,30,Camera Functioning,Knee height,,Parallel,,,,,,,,,,,
2004258,21_AEP_Session_3,21_AEP,-81.7583182,39.72105809,2021-03-20 00:00:00,2021-04-14 00:00:00,Scent,,Trail game,,2051095,21_AEP,60,Camera Functioning,Knee height,,Parallel,,,,,,,,,,,
2004258,8_AEP_Session_2,8_AEP,-81.67548735,39.68339175,2021-02-06 00:00:00,2021-03-14 00:00:00,Scent,,Trail game,,2045849,8_AEP,30,Camera Functioning,Knee height,,Parallel,,,,,,,,,,,
2004258,12_AEP_Session_9,12_AEP,-81.69993768,39.74227385,2021-11-16 00:00:00,2021-12-22 00:00:00,Scent,,Trail game,,2046327,12_AEP,30,Camera Functioning,Knee height,,Parallel,,,,,,,,,,,
2004258,48_VIN_Session_4,48_VIN,-82.401875,39.21508414,2021-04-10 00:00:00,2021-05-14 00:00:00,Scent,,Trail game,,2096844,48_VIN,60,Camera Functioning,Knee height,,Parallel,,,,,,,,,,,
2004258,37_ZAL_Session_11,37_ZAL,-82.33808314,39.26516351,2021-12-29 00:00:00,2022-03-06 00:00:00,Scent,,Trail game,,2073077,37_ZAL,60,Camera Functioning,Knee height,,Parallel,,,,,,,,,,,
2004258,45_VIN_Session_2,45_VIN,-82.38577266,39.18586985,2021-02-14 00:00:00,2021-03-13 00:00:00,Scent,,Trail game,,2073229,45_VIN,60,Camera Functioning,Knee height,,Parallel,,,,,,,,,,,
2004258,44_VIN_Session_9,44_VIN,-82.42037585,39.17139552,2021-10-10 00:00:00,2021-11-14 00:00:00,Scent,,Trail game,,2073228,44_VIN,30,Camera Functioning,Knee height,,Parallel,,,,,,,,,,,
2004258,25_ZAL_Session_9,25_ZAL,-82.33699223,39.36780429,2021-10-17 00:00:00,2021-11-20 00:00:00,Scent,,Trail game,,2051111,25_ZAL,30,Camera Functioning,Knee height,,Parallel,,,,,,,,,,,
2004258,24_ZAL_Session_9,24_ZAL,-82.3336911,39.33727673,2021-10-17 00:00:00,2021-11-20 00:00:00,Scent,,Trail game,,2097058,24_ZAL,30,Unknown Failure,Knee height,,Parallel,,,,,,,,,,,
2004258,46_VIN_Session_3,46_VIN,-82.40459382,39.1932657,2021-03-13 00:00:00,2021-04-10 00:00:00,Scent,,Trail game,,2073230,46_VIN,60,Camera Functioning,Knee height,,Parallel,,,,,,,,,,,
2004258,41_ZAL_Session_4,41_ZAL,-82.31096424,39.27134681,2021-04-17 00:00:00,2021-05-15 00:00:00,Scent,,Trail game,,2073225,41_ZAL,30,Camera Functioning,Knee height,,Parallel,,,,,,,,,,,
2004258,8_AEP_Session_10,8_AEP,-81.67548735,39.68339175,2021-12-22 00:00:00,2022-01-08 00:00:00,Scent,,Trail game,,2045849,8_AEP,30,Camera Functioning,Knee height,,Parallel,,,,,,,,,,,
2004258,17_AEP_Session_7,17_AEP,-81.73967633,39.73749935,2021-08-15 00:00:00,2021-09-28 00:00:00,Scent,,Trail game,,2047886,17_AEP,30,Camera Functioning,Knee height,,Parallel,,,,,,,,,,,
2004258,39_ZAL_Session_3,39_ZAL,-82.32966882,39.30289217,2021-03-20 00:00:00,2021-03-22 00:00:00,Scent,,Trail game,,2073162,39_ZAL,30,Unknown Failure,Knee height,,Parallel,,,,,,,,,,,
2004258,43_VIN_Session_10,43_VIN,-82.40567355,39.17108851,2021-11-15 00:00:00,2021-12-18 00:00:00,Scent,,Trail game,,2073227,43_VIN,30,Camera Functioning,Knee height,,Parallel,,,,,,,,,,,
2004258,48_VIN_Session_8,48_VIN,-82.401875,39.21508414,2021-09-04 00:00:00,2021-09-26 00:00:00,Scent,,Trail game,,2096844,48_VIN,60,Camera Functioning,Knee height,,Parallel,,,,,,,,,,,
2004258,7_AEP_Session_4,7_AEP,-81.70247285,39.64641353,2021-04-11 00:00:00,2021-05-12 00:00:00,Scent,,Trail game,,2097010,7_AEP,60,Camera Functioning,Knee height,,Parallel,,,,,,,,,,,
2004258,33_ZAL_Session_9,33_ZAL,-82.37978045,39.28847114,2021-10-08 00:00:00,2021-11-21 00:00:00,Scent,,Trail game,,2066964,33_ZAL,30,Camera Functioning,Knee height,,Parallel,,,,,,,,,,,
2004258,16_AEP_Session_2,16_AEP,-81.72852996,39.72017475,2021-02-07 00:00:00,2021-03-20 00:00:00,Scent,,Trail game,,2047842,16_AEP,60,Camera Functioning,Knee height,,Parallel,,,,,,,,,,,
2004258,14_AEP_Session_10,14_AEP,-81.71659201,39.71363977,2021-12-22 00:00:00,2022-03-20 00:00:00,Scent,,Trail game,,2047733,14_AEP,60,Camera Functioning,Knee height,,Parallel,,,,,,,,,,,
2004258,18_AEP_Session_2,18_AEP,-81.74628786,39.75064269,2021-02-24 00:00:00,2021-03-20 00:00:00,Scent,,Trail game,,2048173,18_AEP,60,Camera Functioning,Knee height,,Parallel,,,,,,,,,,,
2004258,25_ZAL_Session_2,25_ZAL,-82.33699223,39.36780429,2021-02-13 00:00:00,2021-03-21 00:00:00,Scent,,Trail game,,2051111,25_ZAL,30,Camera Functioning,Knee height,,Parallel,,,,,,,,,,,
2004258,11_AEP_Session_8,11_AEP,-81.6790903,39.73382593,2021-09-28 00:00:00,2021-11-16 00:00:00,Scent,,Trail game,,2046326,11_AEP,60,Camera Functioning,Knee height,,Parallel,,,,,,,,,,,
2004258,21_AEP_Session_10,21_AEP,-81.7583182,39.72105809,2021-12-22 00:00:00,2022-03-20 00:00:00,Scent,,Trail game,,2051095,21_AEP,60,Unknown Failure,Knee height,,Parallel,,,,,,,,,,,
2004258,40_ZAL_Session_5,40_ZAL,-82.31605074,39.3005279,2021-05-15 00:00:00,2021-06-19 00:00:00,Scent,,Trail game,,2073171,40_ZAL,30,Camera Functioning,Knee height,,Parallel,,,,,,,,,,,
2004258,38_ZAL_Session_3,38_ZAL,-82.33250372,39.28326325,2021-03-20 00:00:00,2021-04-17 00:00:00,Scent,,Trail game,,2073161,38_ZAL,30,Camera Functioning,Knee height,,Parallel,,,,,,,,,,,
2004258,11_AEP_Session_10,11_AEP,-81.6790903,39.73382593,2021-12-22 00:00:00,2022-03-20 00:00:00,Scent,,Trail game,,2046326,11_AEP,60,Camera Functioning,Knee height,,Parallel,,,,,,,,,,,
2004258,14_AEP_Session_6,14_AEP,-81.71659201,39.71363977,2021-06-23 00:00:00,2021-06-28 00:00:00,Scent,,Trail game,,2047733,14_AEP,60,Camera Functioning,Knee height,,Parallel,,,,,,,,,,,
2004258,46_VIN_Session_11,46_VIN,-82.40459382,39.1932657,2021-12-18 00:00:00,2022-02-10 00:00:00,Scent,,Trail game,,2073230,46_VIN,60,Camera Functioning,Knee height,,Parallel,,,,,,,,,,,
2004258,46_VIN_Session_10,46_VIN,-82.40459382,39.1932657,2021-11-14 00:00:00,2021-12-09 00:00:00,Scent,,Trail game,,2073230,46_VIN,60,Camera Functioning,Knee height,,Parallel,,,,,,,,,,,
2004258,7_AEP_Session_2,7_AEP,-81.70247285,39.64641353,2021-02-06 00:00:00,2021-03-14 00:00:00,Scent,,Trail game,,2097010,7_AEP,60,Camera Functioning,Knee height,,Parallel,,,,,,,,,,,
2004258,40_ZAL_Session_7,40_ZAL,-82.31605074,39.3005279,2021-07-21 00:00:00,2021-08-20 00:00:00,Scent,,Trail game,,2073171,40_ZAL,30,Unknown Failure,Knee height,,Parallel,,,,,,,,,,,
2004258,36_ZAL_Session_2,36_ZAL,-82.36111796,39.25975194,2021-02-13 00:00:00,2021-03-20 00:00:00,Scent,,Trail game,,2067378,36_ZAL,30,Camera Functioning,Knee height,,Parallel,,,,,,,,,,,
2004258,39_ZAL_Session_11,39_ZAL,-82.32966882,39.30289217,2021-12-29 00:00:00,2022-03-06 00:00:00,Scent,,Trail game,,2073162,39_ZAL,26,Camera Functioning,Knee height,,Parallel,,,,,,,,,,,
2004258,16_AEP_Session_1,16_AEP,-81.72852996,39.72017475,2021-01-14 00:00:00,2021-02-07 00:00:00,Scent,,Trail game,,2047842,16_AEP,30,Camera Functioning,Knee height,,Parallel,,,,,,,,,,,
2004258,16_AEP_Session_4,16_AEP,-81.72852996,39.72017475,2021-04-14 00:00:00,2021-05-13 00:00:00,Scent,,Trail game,,2047842,16_AEP,60,Camera Functioning,Knee height,,Parallel,,,,,,,,,,,
2004258,33_ZAL_Session_2,32_ZAL,-82.38447165,39.25664951,2021-02-13 00:00:00,2021-03-20 00:00:00,Scent,,Trail game,,2066964,33_ZAL,30,Camera Functioning,Knee height,,Parallel,,,,,,,,,,,
2004258,25_ZAL_Session_6,25_ZAL,-82.33699223,39.36780429,2021-06-14 00:00:00,2021-07-16 00:00:00,Scent,,Trail game,,2051111,25_ZAL,30,Camera Functioning,Knee height,,Parallel,,,,,,,,,,,
2004258,36_ZAL_Session_3,36_ZAL,-82.36111796,39.25975194,2021-03-21 00:00:00,2021-04-17 00:00:00,Scent,,Trail game,,2067378,36_ZAL,30,Camera Functioning,Knee height,,Parallel,,,,,,,,,,,
2004258,28_ZAL_Session_3,28_ZAL,-82.40860133,39.3045709,2021-03-22 00:00:00,2021-04-18 00:00:00,Scent,,Trail game,,2066924,28_ZAL,30,Camera Functioning,Knee height,,Parallel,,,,,,,,,,,
2004258,9_AEP_Session_1,9_AEP,-81.66392479,39.69795996,2021-01-13 00:00:00,2021-02-06 00:00:00,Scent,,Trail game,,2045850,9_AEP,60,Camera Functioning,Knee height,,Parallel,,,,,,,,,,,
2004258,39_ZAL_Session_7,39_ZAL,-82.32966882,39.30289217,2021-07-18 00:00:00,2021-08-21 00:00:00,Scent,,Trail game,,2073162,39_ZAL,30,Camera Functioning,Knee height,,Parallel,,,,,,,,,,,
2004258,35_ZAL_Session_1,35_ZAL,-82.35539922,39.30075875,2021-01-15 00:00:00,2021-02-13 00:00:00,Scent,,Trail game,,2067354,35_ZAL,60,Camera Functioning,Knee height,,Parallel,,,,,,,,,,,
2004258,46_VIN_Session_9,46_VIN,-82.40459382,39.1932657,2021-10-10 00:00:00,2021-11-14 00:00:00,Scent,,Trail game,,2073230,46_VIN,60,Unknown Failure,Knee height,,Parallel,,,,,,,,,,,
2004258,50_VIN_Session_1,50_VIN,-82.34839597,39.22640213,2021-01-16 00:00:00,2021-02-14 00:00:00,Scent,,Trail game,,2096959,50_VIN,60,Camera Functioning,Knee height,,Parallel,,,,,,,,,,,
2004258,48_VIN_Session_6,48_VIN,-82.401875,39.21508414,2021-06-16 00:00:00,2021-07-17 00:00:00,Scent,,Trail game,,2096844,48_VIN,60,Unknown Failure,Knee height,,Parallel,,,,,,,,,,,
2004258,9_AEP_Session_9,9_AEP,-81.66392479,39.69795996,2021-11-16 00:00:00,2021-12-22 00:00:00,Scent,,Trail game,,2045850,9_AEP,60,Camera Functioning,Knee height,,Parallel,,,,,,,,,,,
2004258,30_ZAL_Session_1,30_ZAL,-82.38787801,39.32039016,2021-01-15 00:00:00,2021-02-09 00:00:00,Scent,,Trail game,,2066925,30_ZAL,60,Camera Functioning,Knee height,,Parallel,,,,,,,,,,,
2004258,19_AEP_Session_1,19_AEP,-81.75736785,39.77583812,2021-01-14 00:00:00,2021-02-07 00:00:00,Scent,,Trail game,,2049011,19_AEP,60,Camera Functioning,Knee height,,Parallel,,,,,,,,,,,
2004258,42_VIN_Session_9,42_VIN,-82.38550704,39.16991911,2021-10-10 00:00:00,2021-11-14 00:00:00,Scent,,Trail game,,2073226,42_VIN,60,Camera Functioning,Knee height,,Parallel,,,,,,,,,,,
2004258,34_ZAL_Session_2,34_ZAL,-82.35708958,39.28773928,2021-02-13 00:00:00,2021-03-20 00:00:00,Scent,,Trail game,,2067328,34_ZAL,60,Camera Functioning,Knee height,,Parallel,,,,,,,,,,,
2004258,10_AEP_Session_1,10_AEP,-81.67961407,39.72021827,2021-01-13 00:00:00,2021-01-14 00:00:00,Scent,,Trail game,,2046025,10_AEP,30,Unknown Failure,Knee height,,Parallel,,,,,,,,,,,
2004258,41_ZAL_Session_5,41_ZAL,-82.31096424,39.27134681,2021-05-15 00:00:00,2021-06-19 00:00:00,Scent,,Trail game,,2073225,41_ZAL,30,Camera Functioning,Knee height,,Parallel,,,,,,,,,,,
2004258,20_AEP_Session_9,20_AEP,-81.76236295,39.7405367,2021-11-16 00:00:00,2021-12-22 00:00:00,Scent,,Trail game,,2050643,20_AEP,30,Camera Functioning,Knee height,,Parallel,,,,,,,,,,,
2004258,34_ZAL_Session_6,34_ZAL,-82.35708958,39.28773928,2021-06-14 00:00:00,2021-07-17 00:00:00,Scent,,Trail game,,2067328,34_ZAL,60,Camera Functioning,Knee height,,Parallel,,,,,,,,,,,
2004258,11_AEP_Session_3,11_AEP,-81.6790903,39.73382593,2021-03-13 00:00:00,2021-04-11 00:00:00,Scent,,Trail game,,2046326,11_AEP,60,Camera Functioning,Knee height,,Parallel,,,,,,,,,,,
2004258,42_VIN_Session_8,42_VIN,-82.38550704,39.16991911,2021-09-03 00:00:00,2021-10-10 00:00:00,Scent,,Trail game,,2073226,42_VIN,60,Camera Functioning,Knee height,,Parallel,,,,,,,,,,,
2004258,48_VIN_Session_10,48_VIN,-82.401875,39.21508414,2021-11-15 00:00:00,2021-11-27 00:00:00,Scent,,Trail game,,2096844,48_VIN,60,Camera Functioning,Knee height,,Parallel,,,,,,,,,,,
2004258,44_VIN_Session_2,44_VIN,-82.42037585,39.17139552,2021-02-14 00:00:00,2021-03-13 00:00:00,Scent,,Trail game,,2073228,44_VIN,30,Camera Functioning,Knee height,,Parallel,,,,,,,,,,,
2004258,41_ZAL_Session_7,41_ZAL,-82.31096424,39.27134681,2021-07-18 00:00:00,2021-08-21 00:00:00,Scent,,Trail game,,2073225,41_ZAL,30,Camera Functioning,Knee height,,Parallel,,,,,,,,,,,
2004258,26_ZAL_Session_3,26_ZAL,-82.31924866,39.37415263,2021-03-21 00:00:00,2021-04-18 00:00:00,Scent,,Trail game,,2051555,26_ZAL,60,Camera Functioning,Knee height,,Parallel,,,,,,,,,,,
2004258,18_AEP_Session_1,18_AEP,-81.74628786,39.75064269,2021-01-14 00:00:00,2021-02-07 00:00:00,Scent,,Trail game,,2048173,18_AEP,60,Camera Functioning,Knee height,,Parallel,,,,,,,,,,,
2004258,35_ZAL_Session_5,35_ZAL,-82.35539922,39.30075875,2021-05-15 00:00:00,2021-06-14 00:00:00,Scent,,Trail game,,2067354,35_ZAL,60,Camera Functioning,Knee height,,Parallel,,,,,,,,,,,
2004258,21_AEP_Session_4,21_AEP,-81.7583182,39.72105809,2021-04-14 00:00:00,2021-05-13 00:00:00,Scent,,Trail game,,2051095,21_AEP,60,Theft,Knee height,,Parallel,,,,,,,,,,,
2004258,36_ZAL_Session_6,36_ZAL,-82.36111796,39.25975194,2021-06-14 00:00:00,2021-07-18 00:00:00,Scent,,Trail game,,2067378,36_ZAL,30,Camera Functioning,Knee height,,Parallel,,,,,,,,,,,
2004258,17_AEP_Session_6,17_AEP,-81.73967633,39.73749935,2021-06-23 00:00:00,2021-08-15 00:00:00,Scent,,Trail game,,2047886,17_AEP,30,Camera Functioning,Knee height,,Parallel,,,,,,,,,,,
2004258,30_ZAL_Session_5,30_ZAL,-82.38787801,39.32039016,2021-05-16 00:00:00,2021-06-14 00:00:00,Scent,,Trail game,,2066925,30_ZAL,60,Camera Functioning,Knee height,,Parallel,,,,,,,,,,,
2004258,17_AEP_Session_2,17_AEP,-81.73967633,39.73749935,2021-02-07 00:00:00,2021-03-20 00:00:00,Scent,,Trail game,,2047886,17_AEP,30,Camera Functioning,Knee height,,Parallel,,,,,,,,,,,
2004258,13_AEP_Session_2,13_AEP,-81.73907709,39.69642068,2021-02-07 00:00:00,2021-03-20 00:00:00,Scent,,Trail game,,2046339,13_AEP,30,Camera Functioning,Knee height,,Parallel,,,,,,,,,,,
2004258,51_VIN_Session_7,51_VIN,-82.35729256,39.20265539,2021-07-18 00:00:00,2021-07-19 00:00:00,Scent,,Trail game,,2097349,51_VIN,59,Unknown Failure,Knee height,,Parallel,,,,,,,,,,,
2004258,11_AEP_Session_9,11_AEP,-81.6790903,39.73382593,2021-11-16 00:00:00,2021-12-22 00:00:00,Scent,,Trail game,,2046326,11_AEP,60,Camera Functioning,Knee height,,Parallel,,,,,,,,,,,
2004258,14_AEP_Session_5,14_AEP,-81.71659201,39.71363977,2021-05-12 00:00:00,2021-06-20 00:00:00,Scent,,Trail game,,2047733,14_AEP,60,Camera Functioning,Knee height,,Parallel,,,,,,,,,,,
2004258,42_VIN_Session_5,42_VIN,-82.38550704,39.16991911,2021-05-14 00:00:00,2021-06-16 00:00:00,Scent,,Trail game,,2073226,42_VIN,60,Camera Functioning,Knee height,,Parallel,,,,,,,,,,,
2004258,35_ZAL_Session_3,35_ZAL,-82.35539922,39.30075875,2021-03-20 00:00:00,2021-04-17 00:00:00,Scent,,Trail game,,2067354,35_ZAL,60,Camera Functioning,Knee height,,Parallel,,,,,,,,,,,
2004258,34_ZAL_Session_10,34_ZAL,-82.35708958,39.28773928,2021-11-21 00:00:00,2021-12-29 00:00:00,Scent,,Trail game,,2067328,34_ZAL,60,Camera Functioning,Knee height,,Parallel,,,,,,,,,,,
2004258,49_VIN_Session_3,49_VIN,-82.36996648,39.21745398,2021-03-13 00:00:00,2021-04-10 00:00:00,Scent,,Trail game,,2096944,49_VIN,60,Camera Functioning,Knee height,,Parallel,,,,,,,,,,,
2004258,43_VIN_Session_9,43_VIN,-82.40567355,39.17108851,2021-10-10 00:00:00,2021-11-14 00:00:00,Scent,,Trail game,,2073227,43_VIN,30,Camera Functioning,Knee height,,Parallel,,,,,,,,,,,
2004258,25_ZAL_Session_1,25_ZAL,-82.33699223,39.36780429,2021-01-15 00:00:00,2021-02-16 00:00:00,Scent,,Trail game,,2051111,25_ZAL,30,Camera Functioning,Knee height,,Parallel,,,,,,,,,,,
2004258,46_VIN_Session_8,46_VIN,-82.40459382,39.1932657,2021-09-04 00:00:00,2021-10-10 00:00:00,Scent,,Trail game,,2073230,46_VIN,60,Camera Functioning,Knee height,,Parallel,,,,,,,,,,,
2004258,50_VIN_Session_3,50_VIN,-82.34839597,39.22640213,2021-03-13 00:00:00,2021-04-10 00:00:00,Scent,,Trail game,,2096959,50_VIN,60,Camera Functioning,Knee height,,Parallel,,,,,,,,,,,
2004258,25_ZAL_Session_11,25_ZAL,-82.33699223,39.36780429,2021-12-29 00:00:00,2022-03-05 00:00:00,Scent,,Trail game,,2051111,25_ZAL,30,Camera Functioning,Knee height,,Parallel,,,,,,,,,,,
2004258,17_AEP_Session_9,17_AEP,-81.73967633,39.73749935,2021-11-16 00:00:00,2021-12-22 00:00:00,Scent,,Trail game,,2047886,17_AEP,30,Camera Functioning,Knee height,,Parallel,,,,,,,,,,,
2004258,12_AEP_Session_10,12_AEP,-81.69993768,39.74227385,2021-12-22 00:00:00,2022-02-09 00:00:00,Scent,,Trail game,,2046327,12_AEP,30,Camera Functioning,Knee height,,Parallel,,,,,,,,,,,
2004258,33_ZAL_Session_5,33_ZAL,-82.37978045,39.28847114,2021-05-15 00:00:00,2021-06-14 00:00:00,Scent,,Trail game,,2066964,33_ZAL,30,Camera Functioning,Knee height,,Parallel,,,,,,,,,,,
2004258,33_ZAL_Session_8,33_ZAL,-82.37978045,39.28847114,2021-08-21 00:00:00,2021-10-08 00:00:00,Scent,,Trail game,,2066964,33_ZAL,30,Camera Functioning,Knee height,,Parallel,,,,,,,,,,,
2004258,34_ZAL_Session_5,34_ZAL,-82.35708958,39.28773928,2021-05-15 00:00:00,2021-06-14 00:00:00,Scent,,Trail game,,2067328,34_ZAL,60,Camera Functioning,Knee height,,Parallel,,,,,,,,,,,
2004258,49_VIN_Session_5,49_VIN,-82.36996648,39.21745398,2021-05-14 00:00:00,2021-06-16 00:00:00,Scent,,Trail game,,2096944,49_VIN,30,Camera Functioning,Knee height,,Parallel,,,,,,,,,,,
2004258,16_AEP_Session_8,16_AEP,-81.72852996,39.72017475,2021-09-28 00:00:00,2021-11-16 00:00:00,Scent,,Trail game,,2047842,16_AEP,60,Camera Functioning,Knee height,,Parallel,,,,,,,,,,,
2004258,10_AEP_Session_6,10_AEP,-81.67961407,39.72021827,2021-06-23 00:00:00,2021-08-10 00:00:00,Scent,,Trail game,,2046025,10_AEP,30,Camera Functioning,Knee height,,Parallel,,,,,,,,,,,
2004258,47_VIN_Session_7,47_VIN,-82.42334943,39.19503877,2021-07-17 00:00:00,2021-09-04 00:00:00,Scent,,Trail game,,2073234,47_VIN,60,Camera Functioning,Knee height,,Parallel,,,,,,,,,,,
2004258,26_ZAL Session_11,26_ZAL,-82.31924866,39.37415263,2021-12-29 00:00:00,2022-03-05 00:00:00,Scent,,Trail game,,2051555,26_ZAL,60,Camera Functioning,Knee height,,Parallel,,,,,,,,,,,
2004258,19_AEP_Session_3,19_AEP,-81.75736785,39.77583812,2021-03-20 00:00:00,2021-04-14 00:00:00,Scent,,Trail game,,2049011,19_AEP,60,Camera Functioning,Knee height,,Parallel,,,,,,,,,,,
2004258,35_ZAL_Session_9,35_ZAL,-82.35539922,39.30075875,2021-10-08 00:00:00,2021-11-21 00:00:00,Scent,,Trail game,,2067328,34_ZAL,60,Camera Functioning,Knee height,,Parallel,,,,,,,,,,,
2004258,37_ZAL_Session_9,37_ZAL,-82.33808314,39.26516351,2021-10-08 00:00:00,2021-11-21 00:00:00,Scent,,Trail game,,2073077,37_ZAL,60,Camera Functioning,Knee height,,Parallel,,,,,,,,,,,
2004258,19_AEP_Session_7,19_AEP,-81.75736785,39.77583812,2021-08-15 00:00:00,2021-09-28 00:00:00,Scent,,Trail game,,2049011,19_AEP,60,Camera Functioning,Knee height,,Parallel,,,,,,,,,,,
2004258,46_VIN_Session_6,46_VIN,-82.40459382,39.1932657,2021-06-16 00:00:00,2021-07-17 00:00:00,Scent,,Trail game,,2073230,46_VIN,60,Camera Functioning,Knee height,,Parallel,,,,,,,,,,,
2004258,48_VIN_Session_1,48_VIN,-82.401875,39.21508414,2021-01-16 00:00:00,2021-02-14 00:00:00,Scent,,Trail game,,2096844,48_VIN,60,Camera Functioning,Knee height,,Parallel,,,,,,,,,,,
2004258,37_ZAL_Session_2,37_ZAL,-82.33808314,39.26516351,2021-02-13 00:00:00,2021-03-20 00:00:00,Scent,,Trail game,,2073077,37_ZAL,60,Camera Functioning,Knee height,,Parallel,,,,,,,,,,,
2004258,36_ZAL_Session_8,36_ZAL,-82.36111796,39.25975194,2021-08-20 00:00:00,2021-10-08 00:00:00,Scent,,Trail game,,2067378,36_ZAL,30,Unknown Failure,Knee height,,Parallel,,,,,,,,,,,
2004258,47_VIN_Session_10,47_VIN,-82.42334943,39.19503877,2021-11-14 00:00:00,2021-11-18 00:00:00,Scent,,Trail game,,2073234,47_VIN,60,Unknown Failure,Knee height,,Parallel,,,,,,,,,,,
2004258,20_AEP_Session_2,20_AEP,-81.76236295,39.7405367,2021-02-07 00:00:00,2021-03-20 00:00:00,Scent,,Trail game,,2050643,20_AEP,30,Camera Functioning,Knee height,,Parallel,,,,,,,,,,,
2004258,51_VIN_Session_2,51_VIN,-82.35729256,39.20265539,2021-02-14 00:00:00,2021-03-13 00:00:00,Scent,,Trail game,,2097349,51_VIN,30,Unknown Failure,Knee height,,Parallel,,,,,,,,,,,
2004258,19_AEP_Session_6,19_AEP,-81.75736785,39.77583812,2021-06-23 00:00:00,2021-08-15 00:00:00,Scent,,Trail game,,2049011,19_AEP,60,Camera Functioning,Knee height,,Parallel,,,,,,,,,,,
2004258,43_VIN_Session_1_2,43_VIN,-82.40567355,39.17108851,2021-01-16 00:00:00,2021-03-13 00:00:00,Scent,,Trail game,,2073227,43_VIN,60,Camera Functioning,Knee height,,Parallel,,,,,,,,,,,
2004258,10_AEP_Session_5,10_AEP,-81.67961407,39.72021827,2021-05-12 00:00:00,2021-06-22 00:00:00,Scent,,Trail game,,2046025,10_AEP,30,Camera Functioning,Knee height,,Parallel,,,,,,,,,,,
2004258,24_ZAL_Session_4,24_ZAL,-82.3336911,39.33727673,2021-04-18 00:00:00,2021-05-10 00:00:00,Scent,,Trail game,,2097058,24_ZAL,30,Camera Functioning,Knee height,,Parallel,,,,,,,,,,,
2004258,25_ZAL_Session_5,25_ZAL,-82.33699223,39.36780429,2021-05-16 00:00:00,2021-06-14 00:00:00,Scent,,Trail game,,2051111,25_ZAL,30,Camera Functioning,Knee height,,Parallel,,,,,,,,,,,
2004258,11_AEP_Session_4,11_AEP,-81.6790903,39.73382593,2021-04-11 00:00:00,2021-05-12 00:00:00,Scent,,Trail game,,2046326,11_AEP,60,Camera Functioning,Knee height,,Parallel,,,,,,,,,,,
2004258,28_ZAL_Session_4,28_ZAL,-82.40860133,39.3045709,2021-04-18 00:00:00,2021-05-16 00:00:00,Scent,,Trail game,,2066924,28_ZAL,30,Camera Functioning,Knee height,,Parallel,,,,,,,,,,,
2004258,24_ZAL_Session_2,24_ZAL,-82.3336911,39.33727673,2021-02-13 00:00:00,2021-02-14 00:00:00,Scent,,Trail game,,2097058,24_ZAL,30,Unknown Failure,Knee height,,Parallel,,,,,,,,,,,
2004258,17_AEP_Session_10,17_AEP,-81.73967633,39.73749935,2021-12-22 00:00:00,2022-03-20 00:00:00,Scent,,Trail game,,2047886,17_AEP,30,Unknown Failure,Knee height,,Parallel,,,,,,,,,,,
2004258,15_AEP_Session_3,15_AEP,-81.70485778,39.73258372,2021-03-14 00:00:00,2021-04-11 00:00:00,Scent,,Trail game,,2047805,15_AEP,30,Camera Functioning,Knee height,,Parallel,,,,,,,,,,,
2004258,38_ZAL_Session_10,38_ZAL,-82.33250372,39.28326325,2021-11-21 00:00:00,2021-12-29 00:00:00,Scent,,Trail game,,2073161,38_ZAL,28,Camera Functioning,Knee height,,Parallel,,,,,,,,,,,
2004258,33_ZAL_Session_10,33_ZAL,-82.37978045,39.28847114,2021-11-21 00:00:00,2021-12-29 00:00:00,Scent,,Trail game,,2066964,33_ZAL,30,Camera Functioning,Knee height,,Parallel,,,,,,,,,,,
2004258,10_AEP_Session_8,10_AEP,-81.67961407,39.72021827,2021-09-28 00:00:00,2021-11-16 00:00:00,Scent,,Trail game,,2046025,10_AEP,30,Camera Functioning,Chest height,,Parallel,,,,,,,,,,,
2004258,33_ZAL_Session_7,33_ZAL,-82.37978045,39.28847114,2021-07-18 00:00:00,2021-08-21 00:00:00,Scent,,Trail game,,2066964,33_ZAL,30,Camera Functioning,Knee height,,Parallel,,,,,,,,,,,
2004258,45_VIN_Session_7,45_VIN,-82.38577266,39.18586985,2021-07-17 00:00:00,2021-09-04 00:00:00,Scent,,Trail game,,2073229,45_VIN,30,Camera Functioning,Knee height,,Parallel,,,,,,,,,,,
2004258,12_AEP_Session_5,12_AEP,-81.69993768,39.74227385,2021-05-12 00:00:00,2021-06-23 00:00:00,Scent,,Trail game,,2046327,12_AEP,30,Camera Functioning,Knee height,,Parallel,,,,,,,,,,,
2004258,38_ZAL_Session_11,38_ZAL,-82.33250372,39.28326325,2021-12-29 00:00:00,2022-03-06 00:00:00,Scent,,Trail game,,2073161,38_ZAL,28,Camera Functioning,Knee height,,Parallel,,,,,,,,,,,
2004258,37_ZAL_Session_3,37_ZAL,-82.33808314,39.26516351,2021-03-20 00:00:00,2021-04-17 00:00:00,Scent,,Trail game,,2073077,37_ZAL,60,Camera Functioning,Knee height,,Parallel,,,,,,,,,,,
2004258,9_AEP_Session_7,9_AEP,-81.66392479,39.69795996,2021-08-09 00:00:00,2021-09-28 00:00:00,Scent,,Trail game,,2045850,9_AEP,60,Camera Functioning,Knee height,,Parallel,,,,,,,,,,,
2004258,51_VIN_Session_10,51_VIN,-82.35729256,39.20265539,2021-11-14 00:00:00,2021-12-18 00:00:00,Scent,,Trail game,,2097349,51_VIN,60,Vandalism,Knee height,,Parallel,,,,,,,,,,,
2004258,13_AEP_Session_5,13_AEP,-81.73907709,39.69642068,2021-05-13 00:00:00,2021-06-04 00:00:00,Scent,,Trail game,,2046339,13_AEP,30,Camera Functioning,Knee height,,Parallel,,,,,,,,,,,
2004258,11_AEP_Session1_2,11_AEP,-81.6790903,39.73382593,2021-01-13 00:00:00,2021-01-15 00:00:00,Scent,,Trail game,,2046326,11_AEP,30,Camera Functioning,Knee height,,Parallel,,,,,,,,,,,
2004258,41_ZAL_Session_3,41_ZAL,-82.31096424,39.27134681,2021-03-20 00:00:00,2021-04-17 00:00:00,Scent,,Trail game,,2073225,41_ZAL,30,Camera Functioning,Knee height,,Parallel,,,,,,,,,,,
2004258,47_VIN_Session_5,47_VIN,-82.42334943,39.19503877,2021-05-14 00:00:00,2021-06-16 00:00:00,Scent,,Trail game,,2073234,47_VIN,60,Camera Functioning,Knee height,,Parallel,,,,,,,,,,,
2004258,26_ZAL_Session_5,26_ZAL,-82.31924866,39.37415263,2021-05-16 00:00:00,2021-06-14 00:00:00,Scent,,Trail game,,2051555,26_ZAL,60,Camera Functioning,Knee height,,Parallel,,,,,,,,,,,
2004258,25_ZAL_Session_4,25_ZAL,-82.33699223,39.36780429,2021-04-18 00:00:00,2021-05-16 00:00:00,Scent,,Trail game,,2051111,25_ZAL,30,Camera Functioning,Knee height,,Parallel,,,,,,,,,,,
2004258,16_AEP_Session_9,16_AEP,-81.72852996,39.72017475,2021-11-16 00:00:00,2021-12-22 00:00:00,Scent,,Trail game,,2047842,16_AEP,60,Camera Functioning,Knee height,,Parallel,,,,,,,,,,,
2004258,12_AEP_Session_1,12_AEP,-81.69993768,39.74227385,2021-01-13 00:00:00,2021-02-06 00:00:00,Scent,,Trail game,,2046327,12_AEP,30,Camera Functioning,Knee height,,Parallel,,,,,,,,,,,
2004258,40_ZAL_Session_11,40_ZAL,-82.31605074,39.3005279,2021-12-30 00:00:00,2022-03-06 00:00:00,Scent,,Fruiting tree,,2073171,40_ZAL,30,Camera Functioning,Knee height,,Parallel,,,,,,,,,,,
2004258,37_ZAL_Session_8,37_ZAL,-82.33808314,39.26516351,2021-08-21 00:00:00,2021-10-08 00:00:00,Scent,,Trail game,,2073077,37_ZAL,60,Camera Functioning,Knee height,,Parallel,,,,,,,,,,,
2004258,24_ZAL_Session_6,24_ZAL,-82.3336911,39.33727673,2021-06-14 00:00:00,2021-07-16 00:00:00,Scent,,Trail game,,2097058,24_ZAL,30,Camera Functioning,Knee height,,Parallel,,,,,,,,,,,
2004258,24_ZAL_Session_3,24_ZAL,-82.3336911,39.33727673,2021-03-21 00:00:00,2021-04-18 00:00:00,Scent,,Trail game,,2097058,24_ZAL,30,Camera Functioning,Knee height,,Parallel,,,,,,,,,,,
2004258,20_AEP_Session_3,20_AEP,-81.76236295,39.7405367,2021-03-20 00:00:00,2021-04-14 00:00:00,Scent,,Trail game,,2050643,20_AEP,30,Camera Functioning,Knee height,,Parallel,,,,,,,,,,,
2004258,13_AEP_Session_8,13_AEP,-81.73907709,39.69642068,2021-09-28 00:00:00,2021-11-16 00:00:00,Scent,,Trail game,,2046339,13_AEP,60,Camera Functioning,Knee height,,Parallel,,,,,,,,,,,
2004258,17_AEP_Session_1,17_AEP,-81.73967633,39.73749935,2021-01-14 00:00:00,2021-02-07 00:00:00,Scent,,Trail game,,2047886,17_AEP,30,Camera Functioning,Knee height,,Parallel,,,,,,,,,,,
2004258,11_AEP_Session_7,11_AEP,-81.6790903,39.73382593,2021-08-09 00:00:00,2021-09-17 00:00:00,Scent,,Trail game,,2046326,11_AEP,60,Camera Functioning,Knee height,,Parallel,,,,,,,,,,,
2004258,45_VIN_Session_10,45_VIN,-82.38577266,39.18586985,2021-11-14 00:00:00,2021-12-18 00:00:00,Scent,,Trail game,,2073229,45_VIN,30,Camera Functioning,Knee height,,Parallel,,,,,,,,,,,
2004258,42_VIN_Session_3,42_VIN,-82.38550704,39.16991911,2021-03-13 00:00:00,2021-04-10 00:00:00,Scent,,Trail game,,2073226,42_VIN,60,Camera Functioning,Knee height,,Parallel,,,,,,,,,,,
2004258,34_ZAL_Session_7,34_ZAL,-82.35708958,39.28773928,2021-07-17 00:00:00,2021-08-21 00:00:00,Scent,,Trail game,,2067328,34_ZAL,60,Camera Functioning,Knee height,,Parallel,,,,,,,,,,,
2004258,24_ZAL_Session_10,24_ZAL,-82.3336911,39.33727673,2021-11-20 00:00:00,2021-12-29 00:00:00,Scent,,Trail game,,2097058,24_ZAL,30,Unknown Failure,Knee height,,Parallel,,,,,,,,,,,
2004258,18_AEP_Session_8,18_AEP,-81.74628786,39.75064269,2021-09-28 00:00:00,2021-11-16 00:00:00,Scent,,Trail game,,2048173,18_AEP,60,Camera Functioning,Knee height,,Parallel,,,,,,,,,,,
2004258,38_ZAL_Session_6,38_ZAL,-82.33250372,39.28326325,2021-06-19 00:00:00,2021-07-18 00:00:00,Scent,,Trail game,,2073161,38_ZAL,30,Camera Functioning,Knee height,,Parallel,,,,,,,,,,,
2004258,12_AEP_Session_6,12_AEP,-81.69993768,39.74227385,2021-06-23 00:00:00,2021-08-09 00:00:00,Scent,,Trail game,,2046327,12_AEP,30,Camera Functioning,Knee height,,Parallel,,,,,,,,,,,
2004258,16_AEP_Session_3,16_AEP,-81.72852996,39.72017475,2021-03-20 00:00:00,2021-04-14 00:00:00,Scent,,Trail game,,2047842,16_AEP,60,Camera Functioning,Knee height,,Parallel,,,,,,,,,,,
2004258,16_AEP_Session_10,16_AEP,-81.72852996,39.72017475,2021-12-22 00:00:00,2022-03-20 00:00:00,Scent,,Trail game,,2047842,16_AEP,60,Camera Functioning,Knee height,,Parallel,,,,,,,,,,,
2004258,16_AEP_Session_6,16_AEP,-81.72852996,39.72017475,2021-06-23 00:00:00,2021-08-15 00:00:00,Scent,,Trail game,,2047842,16_AEP,60,Camera Functioning,Knee height,,Parallel,,,,,,,,,,,